Frame,Time(s),Vehicle_ID,Vehicle_Type,Center_X(px),Center_Y(px),World_X(m),World_Y(m),Length(m),Width(m),Speed(km/h),Acceleration(m/s²),Front_Car_ID,Rear_Car_ID,Left_Front_Car_ID,Left_Rear_Car_ID,Right_Front_Car_ID,Right_Rear_Car_ID,Lane_ID,Calib_Version
234,9.36,1,van,1255.377,659.1034,19.508755,97.35589,1.1715485,2.0202882,0,0.0,-1,-1,-1,-1,-1,-1,2,0
235,9.4,1,van,1255.1062,658.8914,19.50893,97.345406,1.1672333,2.0388062,0,0.0,-1,-1,-1,-1,-1,-1,2,0
237,9.48,1,van,1253.332,659.75946,19.476204,97.388275,1.186087,2.0587342,0,0.0,-1,-1,-1,-1,-1,-1,2,0
238,9.52,1,van,1252.2864,659.38214,19.470224,97.36966,1.1512787,2.0419068,0,0.0,-1,-1,-1,-1,-1,-1,2,0
239,9.56,1,van,1250.9545,659.5195,19.453377,97.37644,1.1577942,2.036499,0,0.0,-1,-1,-1,-1,-1,-1,2,0
246,9.84,1,van,1244.936,661.603,19.355951,97.478775,1.236441,2.2311096,0,0.0,-1,-1,-1,-1,-1,-1,2,0
251,10.04,1,van,1240.0259,661.82574,19.298439,97.489655,1.1616821,2.2152832,0,0.0,-1,-1,-1,-1,-1,-1,2,0
253,10.12,1,van,1238.3666,662.65,19.268236,97.52983,1.1858429,2.1591432,0,0.0,-1,-1,-1,-1,-1,-1,2,0
255,10.2,1,van,1236.3337,662.5414,19.24737,97.52454,1.2070496,2.1973634,0,0.0,-1,-1,-1,-1,-1,-1,2,0
256,10.24,1,van,1236.0513,662.5932,19.243511,97.52706,1.1948853,2.192743,0,0.0,-1,-1,-1,-1,-1,-1,2,0
257,10.28,1,van,1234.6681,663.09766,19.221056,97.55158,1.2051178,2.2152221,0,0.0,-1,-1,-1,-1,-1,-1,2,0
320,12.8,4,bus,1140.0933,691.7966,17.85827,98.86026,1.7306244,3.9331422,0,0.0,-1,-1,-1,-1,-1,-1,2,0
321,12.84,4,bus,1137.8629,691.9105,17.833998,98.865135,1.6849488,3.9690187,0,0.0,-1,-1,-1,-1,-1,-1,2,0
322,12.88,4,bus,1135.8177,692.0596,17.811289,98.87151,1.6583344,4.0762453,0,0.0,-1,-1,-1,-1,-1,-1,2,0
323,12.92,4,bus,1133.9514,695.1249,17.760475,99.0018,1.8229096,4.076593,0,0.0,-1,-1,-1,-1,-1,-1,2,0
324,12.96,4,bus,1130.8577,694.3822,17.736227,98.97039,1.8176575,4.0930667,0,0.0,-1,-1,-1,-1,-1,-1,2,0
329,13.16,4,bus,1121.4553,698.744,17.596342,99.15348,1.8664764,4.3675113,0,0.0,-1,-1,-1,-1,-1,-1,2,0
330,13.2,4,bus,1118.4009,700.7341,17.54591,99.23591,1.9544007,4.4373293,0,0.0,-1,-1,-1,-1,-1,-1,2,0
331,13.24,4,bus,1116.5701,699.99255,17.53445,99.20527,1.8739899,4.5171204,0,0.0,-1,-1,-1,-1,-1,-1,2,0
332,13.28,4,bus,1113.2621,700.9968,17.49121,99.24674,1.9781067,4.5235596,0,0.0,-1,-1,-1,-1,-1,-1,2,0
333,13.32,4,bus,1110.9646,701.6655,17.461557,99.274254,1.9590333,4.506061,0,0.0,-1,-1,-1,-1,-1,-1,2,0
334,13.36,4,bus,1109.605,703.05304,17.434734,99.3311,2.182953,4.63244,0,0.0,-1,-1,-1,-1,-1,-1,2,0
335,13.4,4,bus,1106.908,707.45105,17.366875,99.50916,2.347464,4.7912903,0,0.0,-1,-1,-1,-1,-1,-1,2,0
336,13.44,4,bus,1104.2789,703.92523,17.372835,99.36667,2.1080596,4.6504397,4,27.77777777777778,-1,-1,-1,-1,-1,-1,2,0
337,13.48,4,bus,1102.2441,704.55524,17.346525,99.39229,2.0666292,4.7299013,4,0.0,-1,-1,-1,-1,-1,-1,2,0
338,13.52,4,bus,1098.9148,708.53094,17.277126,99.55239,2.2935486,4.8173404,5,6.944444444444445,-1,8,-1,-1,-1,-1,2,0
338,13.52,8,car,1170.7378,882.3987,16.659662,104.67463,2.1350982,3.7458801,0,0.0,4,-1,-1,-1,-1,-1,2,0
339,13.56,4,bus,1096.3954,707.1892,17.26391,99.49865,2.2035034,4.8739505,4,-6.944444444444445,-1,8,-1,-1,-1,-1,2,0
339,13.56,8,car,1173.3657,882.53436,16.678263,104.67758,2.2021148,3.8308167,0,0.0,4,-1,-1,-1,-1,-1,2,0
342,13.68,8,car,1179.3422,880.20544,16.735767,104.626816,2.2896638,3.786621,0,0.0,-1,-1,-1,-1,-1,-1,2,0
343,13.72,4,bus,1085.5106,709.2928,17.136559,99.58277,2.1792207,5.0214357,5,6.944444444444445,-1,8,-1,-1,-1,-1,2,0
343,13.72,8,car,1180.5896,878.8498,16.75289,104.59711,2.2203948,3.7817872,0,0.0,4,-1,-1,-1,-1,-1,2,0
344,13.76,4,bus,1082.9618,710.6089,17.099848,99.63504,2.225818,5.0493407,5,0.0,-1,8,-1,-1,-1,-1,2,0
344,13.76,8,car,1183.9696,878.9876,16.777132,104.60013,2.2947176,3.736194,0,0.0,4,-1,-1,-1,-1,-1,2,0
345,13.8,4,bus,1080.3872,710.2988,17.076859,99.62275,2.236551,5.124878,5,0.0,-1,-1,-1,-1,-1,-1,2,0
346,13.84,4,bus,1077.697,709.3156,17.058392,99.58369,2.0146148,5.1206603,4,-6.944444444444445,-1,8,-1,-1,-1,-1,2,0
346,13.84,8,car,1188.1548,874.6577,16.833942,104.50444,2.2150085,3.7824523,0,0.0,4,-1,-1,-1,-1,-1,2,0
347,13.88,4,bus,1074.8177,712.88556,16.999805,99.72479,2.3069153,5.3357058,5,6.944444444444445,-1,8,-1,-1,-1,-1,2,0
347,13.88,8,car,1190.3427,874.1039,16.8536,104.49211,2.3355439,3.7656617,0,0.0,4,-1,-1,-1,-1,-1,2,0
348,13.92,4,bus,1071.3728,713.75903,16.958498,99.75901,2.2460296,5.4423766,5,0.0,-1,-1,-1,-1,-1,-1,2,0
349,13.96,4,bus,1068.6356,712.92,16.93828,99.72614,2.2318788,5.501233,4,-6.944444444444445,-1,-1,-1,-1,-1,-1,2,0
350,14.0,4,bus,1065.3544,713.0775,16.9045,99.73232,2.2148712,5.410147,4,0.0,-1,8,-1,-1,-1,-1,2,0
350,14.0,8,car,1196.4208,870.3877,16.92178,104.40883,2.1488006,3.6678467,0,0.0,4,-1,-1,-1,-1,-1,2,0
351,14.04,4,bus,1062.5281,714.5307,16.86485,99.78914,2.233481,5.5346866,4,0.0,-1,8,-1,-1,-1,-1,2,0
351,14.04,8,car,1197.5576,870.1225,16.931955,104.40285,2.2034395,3.6531923,0,0.0,4,-1,-1,-1,-1,-1,2,0
352,14.08,4,bus,1058.742,713.2246,16.837845,99.73809,2.1299133,5.6141906,4,0.0,-1,8,-1,-1,-1,-1,2,0
352,14.08,8,car,1199.5027,867.60455,16.962269,104.34583,2.1132324,3.6758485,0,0.0,4,-1,-1,-1,-1,-1,2,0
353,14.12,4,bus,1055.8485,717.18463,16.778126,99.89204,2.3712983,5.605185,5,6.944444444444445,-1,-1,-1,-1,-1,-1,2,0
354,14.16,4,bus,1053.3391,719.3244,16.737001,99.974205,2.4145997,5.7355957,5,0.0,-1,-1,-1,-1,-1,-1,2,0
355,14.2,4,bus,1049.1953,735.30865,16.578955,100.566414,3.1830292,5.751947,7,13.88888888888889,-1,8,-1,-1,-1,-1,2,0
355,14.2,8,car,1205.8027,871.2706,16.986681,104.4287,2.3587434,3.7545717,0,0.0,4,-1,-1,-1,-1,-1,2,0
356,14.24,4,bus,1047.1256,717.14813,16.692738,99.890625,2.2787812,5.9134307,4,-20.833333333333336,-1,-1,-1,-1,-1,-1,2,0
357,14.28,4,bus,1043.4067,719.0639,16.641823,99.96424,2.3804963,5.9822755,4,0.0,-1,8,-1,-1,-1,-1,2,0
357,14.28,8,van,1211.2786,867.9231,17.049025,104.353065,2.2683105,3.6500366,0,0.0,4,-1,-1,-1,-1,-1,2,0
358,14.32,8,van,1212.8164,869.3642,17.051397,104.38573,2.3972046,3.7493408,3,20.833333333333336,-1,-1,-1,-1,-1,-1,2,0
359,14.36,4,bus,1035.773,718.2339,16.57323,99.93242,2.3289247,6.042615,4,0.0,-1,8,-1,-1,-1,-1,2,0
359,14.36,8,van,1215.208,867.4854,17.081457,104.343124,2.3488128,3.6573732,3,0.0,4,-1,-1,-1,-1,-1,2,0
360,14.4,8,van,1218.8308,866.37964,17.115965,104.31793,2.3241882,3.844458,3,0.0,-1,-1,-1,-1,-1,-1,2,0
361,14.44,4,bus,1029.4482,720.59894,16.494223,100.02281,2.3360078,6.1438203,4,0.0,-1,-1,-1,-1,-1,-1,2,0
362,14.48,4,bus,1026.1589,726.0193,16.424063,100.2268,2.6805634,6.3023896,5,6.944444444444445,-1,-1,-1,-1,-1,-1,2,0
364,14.56,4,bus,1017.6301,729.1356,16.320745,100.34212,2.6269593,6.4809604,5,0.0,-1,-1,-1,-1,-1,-1,2,0
365,14.6,4,bus,1014.4364,728.01355,16.297586,100.30076,2.5640075,6.5533814,4,-6.944444444444445,-1,-1,-1,-1,-1,-1,2,0
366,14.64,4,bus,1011.86743,731.84705,16.24769,100.4413,2.7388275,6.6275973,5,6.944444444444445,-1,-1,-1,-1,-1,-1,2,0
367,14.68,4,bus,1006.09924,726.2482,16.228994,100.23532,2.4023316,6.7836456,5,0.0,-1,-1,-1,-1,-1,-1,2,0
368,14.72,4,bus,1003.245,732.5843,16.16075,100.468094,2.7042787,6.9154906,5,0.0,-1,-1,-1,-1,-1,-1,2,0
369,14.76,4,bus,999.52893,731.56024,16.131792,100.43086,2.607245,6.864145,5,0.0,-1,-1,-1,-1,-1,-1,2,0
370,14.8,4,bus,996.869,737.46704,16.06989,100.643585,3.0328279,6.972229,5,0.0,-1,-1,-1,-1,-1,-1,2,0
371,14.84,4,bus,990.7942,735.3931,16.02506,100.56945,2.8000915,7.0502167,5,0.0,-1,-1,-1,-1,-1,-1,2,0
372,14.88,4,bus,987.47876,735.8427,15.990961,100.58557,2.7751985,7.188779,5,0.0,-1,-1,-1,-1,-1,-1,2,0
373,14.92,4,bus,983.1825,740.499,15.923073,100.7509,2.958948,7.331592,5,0.0,-1,-1,-1,-1,-1,-1,2,0
374,14.96,4,bus,979.6278,740.46173,15.88994,100.74959,2.9634492,7.279224,5,0.0,-1,-1,-1,-1,-1,-1,2,0
375,15.0,4,bus,974.8849,757.9872,15.749736,101.34628,3.8708742,7.4142456,7,13.88888888888889,-1,-1,-1,-1,-1,-1,2,0
376,15.04,4,bus,970.34143,742.09515,15.793759,100.80689,2.9989624,7.3793306,5,-13.88888888888889,-1,-1,-1,-1,-1,-1,2,0
377,15.08,4,bus,965.8954,744.2615,15.740423,100.88235,3.130774,7.53812,5,0.0,-1,-1,-1,-1,-1,-1,2,0
378,15.12,4,bus,961.1201,744.4598,15.694893,100.88922,3.143695,7.668308,5,0.0,-1,-1,-1,-1,-1,-1,2,0
379,15.16,4,bus,956.5254,742.69666,15.661373,100.8279,2.8128235,7.720456,5,0.0,-1,-1,-1,-1,-1,-1,2,0
380,15.2,4,bus,952.4005,752.32916,15.573705,101.157936,3.474054,8.000183,6,6.944444444444445,-1,-1,-1,-1,-1,-1,2,0
381,15.24,4,bus,948.24585,752.2973,15.535752,101.15686,3.3777406,8.131742,6,0.0,-1,-1,-1,-1,-1,-1,2,0
382,15.28,4,bus,943.8952,752.62537,15.494249,101.16789,3.2870088,8.154596,4,-13.88888888888889,-1,-1,-1,-1,-1,-1,2,0
383,15.32,4,bus,937.34674,750.494,15.444367,101.095985,3.1206727,8.33241,6,13.88888888888889,-1,-1,-1,-1,-1,-1,2,0
384,15.36,4,bus,932.75684,749.61084,15.4062805,101.06602,2.9910858,8.397364,5,-6.944444444444445,-1,-1,-1,-1,-1,-1,2,0
385,15.4,4,bus,929.63885,744.2623,15.402734,100.88237,2.6631563,8.418665,5,0.0,-1,-1,-1,-1,-1,-1,2,0
386,15.44,4,bus,922.594,759.23535,15.269653,101.3873,3.4638886,8.723441,6,6.944444444444445,-1,-1,-1,-1,-1,-1,2,0
387,15.48,4,bus,918.1944,761.5065,15.220074,101.46145,3.5863647,8.766736,6,0.0,-1,-1,-1,-1,-1,-1,2,0
388,15.52,4,bus,938.15985,749.3696,15.457256,101.057816,2.921927,6.280353,4,-13.88888888888889,-1,-1,-1,-1,-1,-1,2,0
389,15.56,4,bus,906.7538,763.7947,15.107614,101.53553,3.4624422,9.148032,6,13.88888888888889,-1,-1,-1,-1,-1,-1,2,0
390,15.6,4,bus,900.2663,763.86755,15.049073,101.53788,3.6424103,9.283442,5,-6.944444444444445,-1,-1,-1,-1,-1,-1,2,0
391,15.64,4,bus,895.1826,761.45776,15.01276,101.45986,3.4326081,9.472648,6,6.944444444444445,-1,-1,-1,-1,-1,-1,2,0
392,15.68,4,bus,891.6642,766.96014,14.96017,101.636986,3.613971,9.4804325,6,0.0,-1,-1,-1,-1,-1,-1,2,0
393,15.72,4,bus,897.17285,761.37213,15.031044,101.45708,3.3238556,8.267819,5,-6.944444444444445,19,-1,-1,-1,-1,-1,2,0
393,15.72,19,bus,912.7698,746.8708,15.234043,100.9724,2.6237245,6.7655306,0,0.0,-1,4,-1,-1,-1,-1,2,0
394,15.76,4,bus,878.151,766.5914,14.840837,101.62523,3.451285,9.889148,5,0.0,19,20,-1,-1,-1,-1,2,0
394,15.76,19,bus,933.03955,743.65405,15.437343,100.86125,2.3873932,4.3010345,0,0.0,-1,4,-1,-1,-1,-1,2,0
394,15.76,20,bus,865.72,769.89325,14.7188425,101.72996,2.9795043,8.750201,0,0.0,4,-1,-1,-1,-1,-1,2,0
396,15.84,4,bus,864.48627,769.0892,14.710525,101.70457,3.5267944,10.273285,6,6.944444444444445,-1,20,-1,-1,-1,-1,2,0
396,15.84,20,bus,849.1184,770.86804,14.5684805,101.760635,2.7470367,8.644183,0,0.0,4,-1,-1,-1,-1,-1,2,0
397,15.88,4,bus,859.77106,768.1699,14.671547,101.67545,3.4227784,10.438605,6,0.0,-1,20,-1,-1,-1,-1,2,0
397,15.88,20,bus,854.89124,772.35583,14.615039,101.80725,2.7263672,10.091644,0,0.0,4,-1,-1,-1,-1,-1,2,0
398,15.92,4,bus,852.0273,773.8786,14.585095,101.854706,3.780368,10.577064,6,0.0,-1,20,-1,-1,-1,-1,2,0
398,15.92,20,bus,847.8463,774.2772,14.547057,101.86708,2.7330322,10.142367,0,0.0,4,-1,-1,-1,-1,-1,2,0
399,15.96,4,bus,877.8816,768.2968,14.832423,101.67948,3.3531036,7.555734,5,-6.944444444444445,27,20,-1,-1,-1,-1,2,0
399,15.96,20,bus,829.2975,775.5622,14.380237,101.90686,2.5599792,9.067429,0,0.0,4,-1,-1,-1,-1,-1,2,0
399,15.96,27,bus,888.1926,754.00494,14.9782295,101.214134,2.580899,6.475452,0,0.0,-1,4,-1,-1,-1,-1,2,0
400,16.0,4,bus,839.81946,774.03796,14.477022,101.85965,3.5853424,10.979245,4,-6.944444444444445,27,20,-1,-1,-1,-1,2,0
400,16.0,20,bus,789.9027,778.6685,14.027725,102.00227,2.6487916,6.00701,0,0.0,4,-1,-1,-1,-1,-1,2,0
400,16.0,27,bus,891.6733,761.79315,14.97983,101.470764,3.0528748,5.6528015,0,0.0,-1,4,-1,-1,-1,-1,2,0
401,16.04,4,bus,832.8195,780.50916,14.397918,102.05831,3.9216766,11.2328005,6,13.88888888888889,-1,-1,-1,-1,-1,-1,2,0
402,16.08,4,bus,823.0841,780.7768,14.312436,102.06643,4.0137115,11.63465,6,0.0,-1,-1,-1,-1,-1,-1,2,0
403,16.12,4,bus,817.168,782.57996,14.256584,102.12092,3.8276367,11.768005,6,0.0,-1,-1,-1,-1,-1,-1,2,0
404,16.16,4,bus,812.5112,780.56134,14.220879,102.0599,3.6146424,11.664084,6,0.0,-1,-1,-1,-1,-1,-1,2,0
405,16.2,4,bus,802.9515,789.92017,14.117401,102.33918,4.2279816,12.233783,6,0.0,-1,-1,-1,-1,-1,-1,2,0
406,16.24,20,bus,728.09314,791.8761,13.474089,102.396385,2.738556,5.6182895,0,0.0,27,-1,-1,-1,-1,-1,2,0
406,16.24,27,bus,864.71094,760.89996,14.739854,101.4417,2.5807252,5.1473327,0,0.0,-1,20,-1,-1,-1,-1,2,0
407,16.28,4,bus,814.21625,777.6661,14.242628,101.9716,3.0133789,9.6392765,5,-6.944444444444445,27,20,-1,-1,-1,-1,2,0
407,16.28,20,bus,730.3771,793.97363,13.4914465,102.45731,2.9496033,6.807065,0,0.0,4,-1,-1,-1,-1,-1,2,0
407,16.28,27,bus,825.80975,771.16187,14.361097,101.76986,3.2161164,8.521906,0,0.0,-1,4,-1,-1,-1,-1,2,0
408,16.32,4,bus,808.7153,777.9002,14.193921,101.978775,3.4467926,9.770142,5,0.0,-1,-1,-1,-1,-1,-1,2,0
409,16.36,4,bus,812.0296,774.7211,14.23047,101.880844,3.2212799,8.735773,5,0.0,27,-1,-1,-1,-1,-1,2,0
409,16.36,27,bus,844.8604,770.06396,14.533112,101.73534,2.9433136,5.623297,0,0.0,-1,4,-1,-1,-1,-1,2,0
410,16.4,4,bus,783.7898,774.58746,13.98215,101.8767,2.6266906,7.35387,5,0.0,27,20,-1,-1,-1,-1,2,0
410,16.4,20,bus,684.2926,801.3454,13.096955,102.66793,2.7950866,5.436136,0,0.0,4,-1,-1,-1,-1,-1,2,0
410,16.4,27,bus,833.6142,768.5026,14.437623,101.686005,2.8539429,6.053699,0,0.0,-1,4,-1,-1,-1,-1,2,0
411,16.44,4,bus,797.93115,772.9328,14.110248,101.825264,3.003412,9.2308655,5,0.0,27,20,-1,-1,-1,-1,2,0
411,16.44,20,bus,671.18225,805.9091,12.986215,102.79567,2.959912,5.3929353,0,0.0,4,-1,-1,-1,-1,-1,2,0
411,16.44,27,bus,824.89685,770.9304,14.353618,101.762596,2.9478211,6.3341494,0,0.0,-1,4,-1,-1,-1,-1,2,0
412,16.48,4,bus,784.75116,778.74036,13.982561,102.00447,3.0753448,9.449854,5,0.0,27,20,-1,-1,-1,-1,2,0
412,16.48,20,bus,661.8353,810.08185,12.908308,102.91073,3.0699158,5.632999,0,0.0,4,-1,-1,-1,-1,-1,2,0
412,16.48,27,bus,810.3425,772.85876,14.220027,101.82295,2.7670135,7.078543,0,0.0,-1,4,-1,-1,-1,-1,2,0
413,16.52,4,bus,732.0375,788.80225,13.511013,102.3063,2.9485414,4.803778,6,6.944444444444445,27,20,-1,-1,-1,-1,2,0
413,16.52,20,bus,650.1554,810.28564,12.811689,102.916306,2.9926362,5.6238008,0,0.0,4,-1,-1,-1,-1,-1,2,0
413,16.52,27,bus,815.50104,778.5174,14.251825,101.99766,3.093277,5.880768,0,0.0,-1,4,-1,-1,-1,-1,2,0
414,16.56,4,bus,766.36487,796.469,13.793749,102.52921,3.5411713,9.904022,7,6.944444444444445,27,20,-1,-1,-1,-1,2,0
414,16.56,20,bus,639.2793,812.1886,12.722316,102.96821,2.9536438,5.850244,16,111.11111111111111,4,-1,-1,-1,-1,-1,2,0
414,16.56,27,bus,797.64966,780.5342,14.09148,102.059074,3.1049135,7.0150485,0,0.0,-1,4,-1,-1,-1,-1,2,0
415,16.6,4,bus,762.83624,786.88416,13.778345,102.24959,3.3653321,10.181586,5,-13.88888888888889,27,20,-1,-1,-1,-1,2,0
415,16.6,20,bus,625.931,816.21136,12.614239,103.076836,3.0783265,5.8044677,16,0.0,4,-1,-1,-1,-1,-1,2,0
415,16.6,27,bus,800.3208,776.2474,14.124056,101.928,2.9001253,6.279172,0,0.0,-1,4,-1,-1,-1,-1,2,0
416,16.64,20,bus,620.4426,818.1207,12.570367,103.12788,3.1478212,6.6202483,15,-6.944444444444445,32,-1,-1,-1,-1,-1,2,0
416,16.64,27,bus,793.63885,782.33905,14.052853,102.11366,3.1379488,6.4502625,0,0.0,-1,32,-1,-1,-1,-1,2,0
416,16.64,32,van,694.5943,792.5723,13.187719,102.41666,2.8105195,4.373114,0,0.0,27,20,-1,-1,-1,-1,2,0
417,16.68,20,van,601.2552,820.68555,12.41583,103.19594,3.1913636,5.984082,15,0.0,32,-1,-1,-1,-1,-1,2,0
417,16.68,27,bus,783.1085,784.4649,13.957445,102.17751,3.104309,6.522217,9,62.5,-1,32,-1,-1,-1,-1,2,0
417,16.68,32,van,684.5819,794.8029,13.101575,102.48128,2.833313,4.550412,0,0.0,27,20,-1,-1,-1,-1,2,0
418,16.72,20,bus,593.1852,826.1261,12.355226,103.338394,3.271695,6.5450716,15,0.0,27,-1,-1,-1,-1,-1,2,0
418,16.72,27,bus,778.15295,787.8804,13.908518,102.27909,3.1177185,6.4620576,9,0.0,32,20,-1,-1,-1,-1,2,0
418,16.72,32,van,674.23694,787.4695,13.015074,102.26694,2.3920777,4.609958,0,0.0,-1,27,-1,-1,-1,-1,2,0
419,16.76,4,van,769.07733,790.5584,13.826147,102.35789,3.2800019,6.6128235,5,0.0,27,32,-1,-1,-1,-1,2,0
419,16.76,20,bus,573.6113,828.077,12.199814,103.38886,3.286902,5.8987703,15,0.0,32,-1,-1,-1,-1,-1,2,0
419,16.76,27,bus,767.85986,789.9647,13.816674,102.340485,3.3695068,6.6305785,9,0.0,-1,4,-1,-1,-1,-1,2,0
419,16.76,32,van,661.85376,798.7786,12.90849,102.59521,2.8568819,4.692557,0,0.0,4,20,-1,-1,-1,-1,2,0
420,16.8,20,bus,563.2871,832.0577,12.1220455,103.49083,3.393274,6.3115115,14,-6.944444444444445,27,-1,-1,-1,-1,-1,2,0
420,16.8,27,bus,759.57947,788.5764,13.747784,102.299644,3.234717,6.9653687,9,0.0,-1,20,-1,-1,-1,-1,2,0
421,16.84,20,bus,548.9972,834.84735,12.012119,103.5615,3.442566,6.4677644,14,0.0,32,-1,-1,-1,-1,-1,2,0
421,16.84,27,bus,749.4738,794.6437,13.653036,102.47668,3.4601777,7.059485,9,0.0,-1,32,-1,-1,-1,-1,2,0
421,16.84,32,van,640.31885,795.1303,12.725665,102.490715,2.4530518,4.7906466,0,0.0,27,20,-1,-1,-1,-1,2,0
422,16.88,20,bus,544.7743,836.9692,11.981774,103.61483,3.4693573,7.4359145,14,0.0,32,-1,-1,-1,-1,-1,2,0
422,16.88,27,bus,742.3873,791.6007,13.596471,102.38836,3.2864654,7.050748,9,0.0,-1,32,-1,-1,-1,-1,2,0
422,16.88,32,van,630.286,802.7436,12.643966,102.707275,2.7961977,4.811783,0,0.0,27,20,-1,-1,-1,-1,2,0
423,16.92,27,bus,731.605,797.54395,13.498216,102.55999,3.4264984,7.3478975,9,0.0,-1,-1,-1,-1,-1,-1,2,0
424,16.96,27,bus,721.8035,799.7552,13.413409,102.62295,3.3878174,7.3778505,9,0.0,-1,-1,-1,-1,-1,-1,2,0
425,17.0,27,bus,712.64514,793.20105,13.341181,102.43492,3.1450317,7.521646,8,-6.944444444444445,-1,32,-1,-1,-1,-1,2,0
425,17.0,32,van,592.19714,813.3111,12.335178,102.998665,2.9979553,5.302869,0,0.0,27,-1,-1,-1,-1,-1,2,0
426,17.04,4,van,742.20557,787.609,13.599755,102.271065,2.771509,3.6822298,5,0.0,-1,27,-1,-1,-1,-1,2,0
426,17.04,27,van,704.7821,792.15015,13.274873,102.40437,3.002777,7.4646425,8,0.0,4,32,-1,-1,-1,-1,2,0
426,17.04,32,van,579.5138,815.77527,12.23359,103.065125,3.0513947,5.263373,0,0.0,27,-1,-1,-1,-1,-1,2,0
427,17.08,27,bus,692.62744,801.02576,13.167106,102.65891,3.2439148,8.010492,9,6.944444444444445,-1,-1,-1,-1,-1,-1,2,0
428,17.12,27,bus,680.56165,812.391,13.06266,102.97371,3.8513124,8.372439,9,0.0,-1,32,-1,-1,-1,-1,2,0
428,17.12,32,van,553.44183,822.0107,12.029092,103.23087,3.1151612,5.4662094,0,0.0,27,-1,-1,-1,-1,-1,2,0
429,17.16,27,bus,670.731,809.2932,12.98202,102.88911,3.5607636,8.217383,9,0.0,-1,32,-1,-1,-1,-1,2,0
429,17.16,32,van,537.32263,826.6106,11.905994,103.35096,3.2615876,5.692487,0,0.0,27,-1,-1,-1,-1,-1,2,0
430,17.2,27,bus,660.3436,812.7214,12.896013,102.98268,3.6763184,8.49776,9,0.0,-1,-1,-1,-1,-1,-1,2,0
431,17.24,32,van,512.542,834.5049,11.72194,103.552864,3.4491456,5.8017364,0,0.0,-1,-1,-1,-1,-1,-1,2,0
433,17.32,20,van,354.24493,885.48755,10.651202,104.74144,4.371152,8.432216,20,41.66666666666667,32,-1,-1,-1,-1,-1,2,0
433,17.32,32,van,480.4503,835.3701,11.468957,103.57468,3.2586458,5.8905306,0,0.0,-1,20,-1,-1,-1,-1,2,0
434,17.36,20,van,337.96317,893.2129,10.558987,104.90584,4.601416,9.059365,20,0.0,32,-1,-1,-1,-1,-1,2,0
434,17.36,27,bus,613.2977,828.16986,12.518562,103.39125,4.0307345,9.294144,10,6.944444444444445,-1,32,-1,-1,-1,-1,2,0
434,17.36,32,van,465.30725,836.4274,11.351469,103.60125,3.1685333,6.1128297,15,104.16666666666667,27,20,-1,-1,-1,-1,2,0
435,17.4,20,van,313.44388,895.8135,10.390859,104.960335,4.501224,8.899949,20,0.0,32,-1,-1,-1,-1,-1,2,0
435,17.4,27,van,633.46704,821.8347,12.678117,103.22624,3.663852,6.1797214,8,-13.88888888888889,47,32,-1,-1,-1,-1,2,0
435,17.4,32,van,444.44415,852.8238,11.230782,104.001976,3.8472106,6.7452025,16,6.944444444444445,27,20,-1,-1,-1,-1,2,0
435,17.4,47,truck,1143.77,771.41187,17.17606,101.7777,3.7939942,4.8482547,0,0.0,-1,27,-1,-1,-1,-1,2,0
436,17.44,20,van,295.67014,902.2857,10.2875185,105.09416,4.669147,9.408155,20,0.0,32,-1,-1,-1,-1,-1,2,0
436,17.44,27,van,588.2167,829.95703,12.318915,103.43719,4.0024962,9.616435,10,13.88888888888889,47,49,-1,-1,-1,-1,2,0
436,17.44,32,van,426.1152,862.1789,11.115827,104.22145,4.2994814,7.1852202,16,0.0,49,20,-1,-1,-1,-1,2,0
436,17.44,47,truck,1140.2249,769.7638,17.157368,101.725876,3.6226838,4.9133363,0,0.0,-1,27,-1,-1,-1,-1,2,0
436,17.44,49,van,551.97473,834.44855,12.035201,103.55144,3.6572359,5.9689803,0,0.0,27,32,-1,-1,-1,-1,2,0
437,17.48,20,van,271.40033,902.4803,10.114617,105.098145,4.4892154,9.437836,20,0.0,32,-1,-1,-1,-1,-1,2,0
437,17.48,27,bus,575.322,836.6819,12.223225,103.60763,4.1573153,9.906664,10,0.0,49,32,-1,-1,-1,-1,2,0
437,17.48,32,van,408.43405,863.82697,10.986311,104.25945,4.23136,7.230756,16,0.0,27,20,-1,-1,-1,-1,2,0
437,17.48,47,truck,1137.727,774.0034,17.10283,101.85858,3.9282625,5.051422,0,0.0,-1,49,-1,-1,-1,-1,2,0
437,17.48,49,van,536.76776,835.02057,11.915275,103.56587,3.5739288,6.078029,0,0.0,47,27,-1,-1,-1,-1,2,0
438,17.52,20,van,249.53586,910.55927,9.992674,105.26158,4.7592196,9.807105,20,0.0,32,-1,-1,-1,-1,-1,2,0
438,17.52,27,van,561.6589,837.8363,12.116517,103.63652,4.2005095,10.211867,10,0.0,47,32,-1,-1,-1,-1,2,0
438,17.52,32,van,389.19647,865.6031,10.84609,104.30019,4.099341,7.553659,15,-6.944444444444445,27,20,-1,-1,-1,-1,2,0
438,17.52,47,truck,1134.6467,775.5675,17.063948,101.90703,3.9903107,5.114679,0,0.0,-1,27,-1,-1,-1,-1,2,0
439,17.56,20,van,223.92679,916.01294,9.835839,105.36976,4.804462,9.867794,21,6.944444444444445,32,-1,-1,-1,-1,-1,2,0
439,17.56,27,bus,550.63574,838.9779,12.031016,103.66498,4.206085,10.165802,10,0.0,47,32,-1,-1,-1,-1,2,0
439,17.56,32,van,370.7517,873.98,10.734765,104.48935,4.4146914,7.773712,16,6.944444444444445,27,20,-1,-1,-1,-1,2,0
439,17.56,47,truck,1130.648,776.7554,17.02001,101.94364,4.04202,5.1530213,0,0.0,-1,27,-1,-1,-1,-1,2,0
440,17.6,20,van,198.68034,924.9522,9.699901,105.543465,5.055829,10.076274,21,0.0,32,-1,-1,-1,-1,-1,2,0
440,17.6,32,van,350.3969,881.66956,10.60979,104.658775,4.6846466,8.131844,16,0.0,47,20,-1,-1,-1,-1,2,0
440,17.6,47,truck,1128.9249,778.46893,16.992327,101.99618,4.1359744,5.360083,0,0.0,-1,32,-1,-1,-1,-1,2,0
441,17.64,20,van,171.80515,928.726,9.531807,105.61548,5.057855,9.95068,20,-6.944444444444445,32,60,-1,-1,-1,-1,2,0
441,17.64,27,van,523.1432,842.19025,11.819775,103.7445,3.660672,10.229395,10,0.0,47,32,-1,-1,-1,-1,2,0
441,17.64,32,van,333.67136,884.90607,10.498138,104.72891,4.629398,8.104217,15,-6.944444444444445,27,20,-1,-1,-1,-1,2,0
441,17.64,47,truck,1123.5994,778.4901,16.94561,101.996826,4.145856,5.3596377,0,0.0,-1,27,-1,-1,-1,-1,2,0
441,17.64,60,truck,213.69452,1051.5228,10.276184,107.60214,8.203745,14.269986,0,0.0,20,-1,-1,-1,-1,-1,2,0
442,17.68,20,van,149.37216,939.62506,9.430697,105.81922,5.3938265,10.828247,19,-6.944444444444445,32,-1,-1,-1,-1,-1,2,0
442,17.68,27,van,563.48413,830.4997,12.121618,103.45108,3.4270418,5.2654757,8,-13.88888888888889,-1,32,-1,-1,-1,-1,2,0
442,17.68,32,van,310.6068,893.3125,10.360938,104.907936,4.900623,8.453135,16,6.944444444444445,27,20,-1,-1,-1,-1,2,0
443,17.72,20,van,119.29896,941.5815,9.236609,105.85514,5.306186,11.098745,19,0.0,32,-1,-1,-1,-1,-1,2,0
443,17.72,27,van,545.8624,834.9034,11.987308,103.56292,3.5642,5.70511,9,6.944444444444445,-1,32,-1,-1,-1,-1,2,0
443,17.72,32,van,288.14606,897.2985,10.213987,104.991264,4.9335513,8.807307,16,0.0,27,20,-1,-1,-1,-1,2,0
444,17.76,20,van,97.776695,952.6152,9.148429,106.05414,5.572586,9.77767,18,-6.944444444444445,32,60,-1,-1,-1,-1,2,0
444,17.76,27,van,533.5266,841.6362,11.900368,103.73084,3.8048828,5.8507385,9,0.0,47,32,-1,-1,-1,-1,2,0
444,17.76,32,van,266.50476,894.719,10.047071,104.93745,4.661258,8.816539,15,-6.944444444444445,27,20,-1,-1,-1,-1,2,0
444,17.76,47,truck,1113.0037,784.88715,16.808292,102.19013,4.4352694,5.5752625,0,0.0,-1,27,-1,-1,-1,-1,2,0
444,17.76,60,truck,146.5805,1077.7886,9.974667,107.95325,8.716046,14.658051,0,0.0,20,-1,-1,-1,-1,-1,2,0
445,17.8,32,van,240.62653,902.056,9.892562,105.089455,4.8255677,9.211314,15,0.0,-1,60,-1,-1,-1,-1,2,0
445,17.8,60,truck,134.77193,1070.6378,9.882231,107.85981,8.615732,13.365837,0,0.0,32,-1,-1,-1,-1,-1,2,0
446,17.84,32,van,216.03444,906.22534,9.735881,105.174385,4.8195953,9.754976,15,0.0,49,-1,-1,-1,-1,-1,2,0
446,17.84,49,van,497.79373,847.3522,11.631412,103.87058,3.7827575,6.553482,0,0.0,-1,32,-1,-1,-1,-1,2,0
447,17.88,32,van,191.23355,921.83466,9.633844,105.48338,5.4632998,9.9837675,16,6.944444444444445,69,-1,-1,-1,-1,-1,2,0
447,17.88,49,van,486.33932,849.4979,11.546906,103.92238,3.8039215,6.3774447,0,0.0,-1,69,-1,-1,-1,-1,2,0
447,17.88,69,van,364.6754,882.368,10.717474,104.673965,4.705585,7.799353,0,0.0,49,32,-1,-1,-1,-1,2,0
448,17.92,32,van,168.64886,925.7823,9.4958935,105.559364,5.479361,10.103679,17,6.944444444444445,69,72,-1,-1,-1,-1,2,0
448,17.92,69,van,356.97595,891.1337,10.690047,104.86196,4.89057,9.031184,0,0.0,-1,32,-1,-1,-1,-1,2,0
448,17.92,72,van,339.27606,976.99023,10.82728,106.47319,5.2019043,9.346476,0,0.0,32,-1,-1,-1,-1,-1,2,0
449,17.96,32,van,140.36806,928.0333,9.311693,105.60232,5.4135437,10.52997,16,-6.944444444444445,69,-1,-1,-1,-1,-1,2,0
449,17.96,69,van,325.50162,893.98987,10.47141,104.922165,4.878137,8.358835,0,0.0,-1,32,-1,-1,-1,-1,2,0
450,18.0,32,car,112.247475,938.445,9.172661,105.79746,5.7288146,11.0197735,17,6.944444444444445,47,72,-1,-1,-1,-1,2,0
450,18.0,47,truck,1089.114,796.6938,16.526157,102.53565,4.4920807,6.162317,0,0.0,-1,32,-1,-1,-1,-1,2,0
450,18.0,72,van,307.8886,990.53143,10.66491,106.694534,5.922113,11.201518,0,0.0,32,-1,-1,-1,-1,-1,2,0
451,18.04,32,van,99.189125,931.4909,9.046545,105.667755,5.1397095,9.818258,16,-6.944444444444445,69,72,-1,-1,-1,-1,2,0
451,18.04,47,truck,1083.8044,802.2712,16.44697,102.69401,4.821167,6.1068697,0,0.0,-1,49,-1,-1,-1,-1,2,0
451,18.04,49,van,422.6152,866.0572,11.100123,104.31057,4.233051,6.553876,0,0.0,47,69,-1,-1,-1,-1,2,0
451,18.04,69,van,279.2388,900.2762,10.161837,105.05288,4.9072814,8.516498,0,0.0,49,32,-1,-1,-1,-1,2,0
451,18.04,72,van,289.48553,1000.0923,10.5771885,106.84618,6.1787415,11.886848,0,0.0,32,-1,-1,-1,-1,-1,2,0
452,18.08,32,van,84.30314,937.5451,8.97781,105.780815,5.2609224,8.430314,15,-6.944444444444445,69,72,-1,-1,-1,-1,2,0
452,18.08,47,truck,1078.7559,803.2454,16.39879,102.72135,4.7027283,6.1001925,0,0.0,-1,49,-1,-1,-1,-1,2,0
452,18.08,49,van,387.06506,877.5437,10.8676815,104.56836,4.51084,8.663963,0,0.0,47,69,-1,-1,-1,-1,2,0
452,18.08,69,van,255.59256,908.396,10.02648,105.21819,5.1697116,8.741642,0,0.0,49,32,-1,-1,-1,-1,2,0
452,18.08,72,van,248.00134,1006.3755,10.338198,106.94384,5.883484,9.844266,0,0.0,32,-1,-1,-1,-1,-1,2,0
453,18.12,32,van,70.47321,990.0986,9.158219,106.68758,7.6477203,7.0473213,17,13.88888888888889,69,72,-1,-1,-1,-1,2,0
453,18.12,47,truck,1074.1638,807.6608,16.334404,102.84417,4.8880343,6.3252106,0,0.0,-1,49,-1,-1,-1,-1,2,0
453,18.12,49,van,384.0879,877.61316,10.84579,104.56989,4.4628997,7.204872,0,0.0,47,69,-1,-1,-1,-1,2,0
453,18.12,69,van,234.20538,916.0729,9.90821,105.37094,5.2728944,9.246558,0,0.0,49,32,-1,-1,-1,-1,2,0
453,18.12,72,van,265.31915,1014.65216,10.471368,107.07012,7.910001,14.136019,0,0.0,32,-1,-1,-1,-1,-1,2,0
454,18.16,47,truck,1070.8339,810.20404,16.292088,102.91408,5.083698,6.447531,9,62.5,-1,49,-1,-1,-1,-1,2,0
454,18.16,49,van,362.24603,884.2599,10.705851,104.71496,4.590436,7.6809464,0,0.0,47,69,-1,-1,-1,-1,2,0
454,18.16,69,van,207.98376,921.86053,9.750503,105.48389,5.475296,9.502139,0,0.0,49,72,-1,-1,-1,-1,2,0
454,18.16,72,truck,227.20015,1020.92865,10.258046,107.16415,7.02099,13.238176,0,0.0,69,-1,-1,-1,-1,-1,2,0
455,18.2,47,truck,1065.9735,811.795,16.242886,102.9575,4.88223,6.482019,9,0.0,-1,49,-1,-1,-1,-1,2,0
455,18.2,49,van,349.03918,882.94415,10.604205,104.68648,4.3733187,7.1837144,0,0.0,47,69,-1,-1,-1,-1,2,0
455,18.2,69,van,182.63293,926.30133,9.59508,105.5693,5.5168643,9.8624115,0,0.0,49,72,-1,-1,-1,-1,2,0
455,18.2,72,truck,222.67479,1029.6278,10.259211,107.29205,8.406799,15.489855,0,0.0,69,77,-1,-1,-1,-1,2,0
455,18.2,77,car,894.23596,1078.2407,14.230198,107.95911,2.3162963,7.0845675,0,0.0,72,-1,-1,-1,-1,-1,2,0
456,18.24,47,truck,1061.4441,812.6459,16.200777,102.98063,4.7495027,6.580051,9,0.0,-1,49,-1,-1,-1,-1,2,0
456,18.24,49,van,325.88025,888.9444,10.455806,104.81547,4.5389285,7.8232636,0,0.0,47,69,-1,-1,-1,-1,2,0
456,18.24,69,van,157.83528,930.20953,9.442805,105.64358,5.5196595,10.125218,0,0.0,49,72,-1,-1,-1,-1,2,0
456,18.24,72,van,151.17757,1037.74,9.858525,107.40888,5.1422424,11.16194,0,0.0,69,77,-1,-1,-1,-1,2,0
456,18.24,77,car,904.6365,1077.1782,14.291088,107.945335,2.640979,6.7136016,0,0.0,72,-1,-1,-1,-1,-1,2,0
457,18.28,47,truck,1057.3405,814.47473,16.156939,103.03012,4.9500976,6.7592134,9,0.0,-1,49,-1,-1,-1,-1,2,0
457,18.28,49,van,306.2146,891.26074,10.321206,104.864655,4.480518,7.8141413,0,0.0,47,69,-1,-1,-1,-1,2,0
457,18.28,69,van,128.02902,938.96375,9.282541,105.80704,5.744373,10.555724,0,0.0,49,72,-1,-1,-1,-1,2,0
457,18.28,72,van,119.70839,1046.5966,9.705278,107.533806,5.6926484,11.268394,0,0.0,69,77,-1,-1,-1,-1,2,0
457,18.28,77,car,913.6488,1079.1449,14.339144,107.970795,3.1036012,6.796457,0,0.0,72,-1,-1,-1,-1,-1,2,0
458,18.32,47,truck,1048.3314,818.8381,16.059801,103.14697,5.3081756,7.32565,9,0.0,-1,49,-1,-1,-1,-1,2,0
458,18.32,49,van,285.20554,895.65173,10.1861725,104.956955,4.554086,8.025153,0,0.0,47,69,-1,-1,-1,-1,2,0
458,18.32,69,van,105.468925,950.77905,9.190386,106.02144,6.083731,10.511453,0,0.0,49,72,-1,-1,-1,-1,2,0
458,18.32,72,van,125.10759,1057.0669,9.776819,107.678085,8.064597,12.462138,0,0.0,69,77,-1,-1,-1,-1,2,0
458,18.32,77,car,924.705,1079.8121,14.4008255,107.97941,3.4602509,6.5047913,0,0.0,72,-1,-1,-1,-1,-1,2,0
459,18.36,47,truck,1045.0891,820.13934,16.026587,103.18149,5.0764284,7.1908174,9,0.0,-1,49,-1,-1,-1,-1,2,0
459,18.36,49,van,260.18958,908.39124,10.059069,105.218094,4.866501,8.696409,17,118.05555555555556,47,69,-1,-1,-1,-1,2,0
459,18.36,69,van,100.56764,974.68475,9.276386,106.434715,7.1324954,10.050509,0,0.0,49,72,-1,-1,-1,-1,2,0
459,18.36,72,van,184.97568,1068.3579,10.163077,107.82969,11.871692,18.437078,0,0.0,69,77,-1,-1,-1,-1,2,0
459,18.36,77,car,934.155,1079.9218,14.454298,107.98082,3.830136,6.446286,0,0.0,72,-1,-1,-1,-1,-1,2,0
460,18.4,47,truck,1042.5105,822.9369,15.99123,103.255196,5.21727,7.3037963,8,-6.944444444444445,-1,49,-1,-1,-1,-1,2,0
460,18.4,49,van,238.60822,903.17596,9.883077,105.112366,4.4808564,8.605475,17,0.0,47,72,-1,-1,-1,-1,2,0
460,18.4,72,truck,167.98274,1079.4808,10.102037,107.975136,12.647003,16.798275,0,0.0,49,77,-1,-1,-1,-1,2,0
460,18.4,77,car,947.4603,1080.0,14.529707,107.98183,4.175055,6.5777864,0,0.0,72,-1,-1,-1,-1,-1,2,0
461,18.44,47,truck,1035.696,826.98334,15.915853,103.36061,5.4810944,7.371341,9,6.944444444444445,-1,49,-1,-1,-1,-1,2,0
461,18.44,49,van,216.02193,914.5616,9.773848,105.34113,4.9039307,8.917732,17,0.0,47,69,-1,-1,-1,-1,2,0
461,18.44,69,van,65.60566,968.5201,9.018408,106.330666,6.256406,6.547883,16,111.11111111111111,49,72,-1,-1,-1,-1,2,0
461,18.44,72,truck,152.0565,1079.2249,10.010689,107.971825,10.77533,15.20565,11,76.3888888888889,69,-1,-1,-1,-1,-1,2,0
462,18.48,47,truck,1029.5773,828.98486,15.856903,103.41223,5.191162,7.53768,9,0.0,-1,49,-1,-1,-1,-1,2,0
462,18.48,49,van,191.219,918.21625,9.616783,105.41299,4.860654,9.123957,17,0.0,47,69,-1,-1,-1,-1,2,0
462,18.48,69,van,50.864838,975.64264,8.959798,106.45073,6.4370914,5.086484,16,0.0,49,-1,-1,-1,-1,-1,2,0
463,18.52,47,truck,1022.9835,830.1138,15.798674,103.4412,5.1987853,7.6516814,8,-6.944444444444445,-1,49,-1,-1,-1,-1,2,0
463,18.52,49,van,165.02191,921.68097,9.450718,105.48041,4.7801056,9.2965,17,0.0,47,72,-1,-1,-1,-1,2,0
463,18.52,72,truck,135.52571,1054.7688,9.829146,107.64673,10.313059,13.552571,9,-13.88888888888889,49,-1,-1,-1,-1,-1,2,0
464,18.56,47,truck,1018.5593,835.13586,15.739949,103.56878,5.331311,7.7096224,8,0.0,-1,49,-1,-1,-1,-1,2,0
464,18.56,49,van,136.94324,931.3465,9.304927,105.66503,5.1678863,9.904275,17,0.0,47,72,-1,-1,-1,-1,2,0
464,18.56,72,van,119.54263,1042.126,9.686885,107.471085,6.0456634,11.890366,9,0.0,49,-1,-1,-1,-1,-1,2,0
465,18.6,49,van,108.79378,933.7748,9.124603,105.71063,5.02641,10.268863,17,0.0,-1,72,-1,-1,-1,-1,2,0
465,18.6,72,van,106.310425,1055.9974,9.663018,107.66351,6.6826997,10.6310425,9,0.0,49,-1,-1,-1,-1,-1,2,0
466,18.64,49,van,93.26973,952.78534,9.119267,106.05716,5.744733,9.263705,17,0.0,-1,72,-1,-1,-1,-1,2,0
466,18.64,72,bus,93.60281,1060.0928,9.604965,107.71912,11.29172,9.345957,9,0.0,49,-1,-1,-1,-1,-1,2,0
467,18.68,49,van,79.64731,958.9231,9.060703,106.16524,5.84989,7.868585,16,-6.944444444444445,-1,89,-1,-1,-1,-1,2,0
467,18.68,89,van,79.27176,1071.2155,9.565894,107.86742,6.1864686,7.927176,0,0.0,49,-1,-1,-1,-1,-1,2,0
468,18.72,47,truck,994.1763,837.473,15.536406,103.62744,5.4931183,8.2405615,9,6.944444444444445,-1,49,-1,-1,-1,-1,2,0
468,18.72,49,bus,65.22229,966.4151,9.004935,106.29475,5.9899874,6.522229,16,0.0,47,89,-1,-1,-1,-1,2,0
468,18.72,89,truck,65.885,1072.0557,9.492468,107.87846,5.3526797,6.5437326,0,0.0,49,-1,-1,-1,-1,-1,2,0
469,18.76,47,truck,987.65686,814.12555,15.586138,103.02069,4.2997956,8.319361,7,-13.88888888888889,-1,49,-1,-1,-1,-1,2,0
469,18.76,49,bus,50.978226,970.5493,8.933753,106.365105,6.0078554,5.0978227,16,0.0,47,89,-1,-1,-1,-1,2,0
469,18.76,89,bus,50.867695,1067.9271,9.38936,107.823975,4.90361,5.0867696,0,0.0,49,-1,-1,-1,-1,-1,2,0
470,18.8,47,truck,980.89276,854.1829,15.364856,104.03426,6.363861,8.649238,10,20.833333333333336,-1,89,-1,-1,-1,-1,2,0
470,18.8,89,van,36.339672,1077.167,9.34451,107.94519,5.120731,3.6339672,0,0.0,47,-1,-1,-1,-1,-1,2,0
472,18.88,47,truck,967.1482,859.21234,15.240523,104.15255,6.125296,8.937637,10,0.0,-1,-1,-1,-1,-1,-1,2,0
474,18.96,47,truck,953.3043,863.9765,15.118289,104.26289,6.1855316,9.310684,10,0.0,-1,-1,-1,-1,-1,-1,2,0
476,19.04,47,truck,936.9132,871.2205,14.97079,104.427574,6.353772,9.839404,11,6.944444444444445,-1,-1,-1,-1,-1,-1,2,0
477,19.08,47,truck,929.44336,875.96906,14.900247,104.533554,6.3439727,10.134559,11,0.0,-1,-1,-1,-1,-1,-1,2,0
478,19.12,47,truck,920.71014,858.4659,14.888091,104.13511,5.3869567,10.183655,10,-6.944444444444445,-1,-1,-1,-1,-1,-1,2,0
480,19.2,47,truck,900.3585,889.549,14.647708,104.82834,6.8069396,11.129188,12,13.88888888888889,-1,-1,-1,-1,-1,-1,2,0
481,19.24,47,truck,896.90485,887.7206,14.627217,104.78935,6.6113954,10.804291,10,-13.88888888888889,-1,-1,-1,-1,-1,-1,2,0
482,19.28,47,truck,886.6339,894.7966,14.534857,104.93907,6.871167,11.010562,10,0.0,-1,-1,-1,-1,-1,-1,2,0
485,19.4,47,truck,859.52075,878.64197,14.373767,104.59254,5.735294,11.832224,9,-6.944444444444445,-1,-1,-1,-1,-1,-1,2,0
486,19.44,47,truck,846.9166,862.4487,14.314934,104.227684,4.866754,12.208432,8,-6.944444444444445,-1,-1,-1,-1,-1,-1,2,0
487,19.48,47,truck,835.01575,919.96234,14.11624,105.44705,7.541687,12.626386,12,27.77777777777778,-1,-1,-1,-1,-1,-1,2,0
489,19.56,47,truck,813.68835,942.1043,13.934942,105.86471,8.526901,13.411417,13,6.944444444444445,-1,-1,-1,-1,-1,-1,2,0
490,19.6,47,truck,799.4177,948.50305,13.830259,105.98068,8.626636,13.63811,13,0.0,-1,-1,-1,-1,-1,-1,2,0
491,19.64,47,truck,788.365,952.1193,13.75198,106.04533,8.834424,14.095593,13,0.0,-1,-1,-1,-1,-1,-1,2,0
492,19.68,47,truck,775.9702,964.191,13.656944,106.25657,9.342029,14.628891,14,6.944444444444445,-1,-1,-1,-1,-1,-1,2,0
493,19.72,47,truck,763.8616,962.5845,13.578942,106.22885,8.782282,14.652353,14,0.0,-1,-1,-1,-1,-1,-1,2,0
494,19.76,47,truck,747.7007,975.63055,13.462905,106.45052,9.666315,15.496292,14,0.0,93,-1,-1,-1,-1,-1,2,0
494,19.76,93,car,1133.4448,898.937,16.300045,105.02524,1.8284668,3.4632204,0,0.0,-1,47,-1,-1,-1,-1,2,0
495,19.8,47,truck,732.3533,984.1697,13.358623,106.59152,9.728418,16.151564,14,0.0,93,-1,-1,-1,-1,-1,2,0
495,19.8,93,car,1136.6289,896.4806,16.335348,104.97424,1.8189942,3.4668152,0,0.0,-1,47,-1,-1,-1,-1,2,0
496,19.84,47,truck,717.2252,986.4291,13.260906,106.6283,9.63194,16.565628,14,0.0,93,-1,-1,-1,-1,-1,2,0
496,19.84,93,car,1139.675,896.889,16.355253,104.98275,1.9817628,3.4830995,0,0.0,-1,47,-1,-1,-1,-1,2,0
497,19.88,47,truck,704.385,994.3245,13.176323,106.75515,9.905975,16.926584,15,6.944444444444445,93,-1,-1,-1,-1,-1,2,0
497,19.88,93,car,1142.4203,890.2119,16.409605,104.84242,1.7861878,3.32594,0,0.0,-1,47,-1,-1,-1,-1,2,0
498,19.92,47,truck,685.9264,988.34875,13.061107,106.659386,9.560773,17.462523,14,-6.944444444444445,93,-1,-1,-1,-1,-1,2,0
498,19.92,93,car,1144.5679,890.48346,16.423826,104.84819,1.8321533,3.3523743,0,0.0,-1,47,-1,-1,-1,-1,2,0
499,19.96,47,truck,664.6863,975.26685,12.92645,106.44445,8.687604,18.628813,13,-6.944444444444445,93,-1,-1,-1,-1,-1,2,0
499,19.96,93,car,1148.4067,894.19556,16.43227,104.926476,2.1199555,3.4521852,0,0.0,-1,47,-1,-1,-1,-1,2,0
500,20.0,47,bus,649.5338,1020.3767,12.832906,107.15594,10.649439,18.968023,17,27.77777777777778,93,-1,-1,-1,-1,-1,2,0
500,20.0,93,car,1150.5754,891.7577,16.460827,104.87516,2.216385,3.452893,0,0.0,-1,47,-1,-1,-1,-1,2,0
501,20.04,47,truck,631.50415,991.1532,12.715931,106.70451,9.222617,19.68273,13,-27.77777777777778,93,-1,-1,-1,-1,-1,2,0
501,20.04,93,car,1152.9583,894.143,16.465513,104.92538,2.3944976,3.501355,0,0.0,-1,47,-1,-1,-1,-1,2,0
502,20.08,47,truck,610.95844,1029.1134,12.600896,107.28457,10.975443,20.774553,14,6.944444444444445,93,-1,-1,-1,-1,-1,2,0
502,20.08,93,car,1154.4265,891.0376,16.492662,104.85993,2.288611,3.467804,0,0.0,-1,47,-1,-1,-1,-1,2,0
503,20.12,93,car,1157.5164,888.0951,16.531036,104.797356,2.2328064,3.4403381,0,0.0,-1,-1,-1,-1,-1,-1,2,0
504,20.16,93,car,1159.7148,884.68256,16.56579,104.72409,2.164206,3.4092958,0,0.0,-1,-1,-1,-1,-1,-1,2,0
505,20.2,93,car,1163.2153,883.4853,16.598154,104.698204,2.1739533,3.2637756,0,0.0,-1,-1,-1,-1,-1,-1,2,0
506,20.24,93,car,1166.0879,882.36206,16.625591,104.673836,2.2266388,3.3316407,3,20.833333333333336,-1,-1,-1,-1,-1,-1,2,0
507,20.28,93,car,1167.635,881.722,16.640604,104.65991,2.2661378,3.288678,3,0.0,-1,-1,-1,-1,-1,-1,2,0
508,20.32,93,van,1170.0227,880.229,16.666704,104.627335,2.344275,3.2899842,3,0.0,-1,-1,-1,-1,-1,-1,2,0
509,20.36,93,van,1172.1589,876.2818,16.70521,104.54048,2.256012,3.1737611,3,0.0,-1,-1,-1,-1,-1,-1,2,0
510,20.4,93,car,1174.9421,874.0437,16.738983,104.49077,2.2090728,3.171161,3,0.0,-1,-1,-1,-1,-1,-1,2,0
511,20.44,93,car,1177.2446,871.4656,16.771404,104.43308,2.1465394,3.0746276,3,0.0,-1,-1,-1,-1,-1,-1,2,0
512,20.48,93,car,1178.7021,869.69763,16.792873,104.39326,2.1018035,3.0584168,3,0.0,-1,-1,-1,-1,-1,-1,2,0
513,20.52,93,car,1180.9128,868.156,16.81877,104.35836,2.0958498,3.1021118,3,0.0,-1,-1,-1,-1,-1,-1,2,0
514,20.56,93,car,1182.7697,865.8482,16.846783,104.30579,2.098642,3.102539,3,0.0,-1,-1,-1,-1,-1,-1,2,0
515,20.6,93,car,1185.0538,864.33954,16.873318,104.27123,2.1054718,3.0867066,3,0.0,-1,-1,-1,-1,-1,-1,2,0
516,20.64,93,car,1186.3962,862.8436,16.892742,104.2368,2.069156,3.0743225,3,0.0,-1,-1,-1,-1,-1,-1,2,0
517,20.68,93,car,1188.2621,862.34406,16.910027,104.225266,2.0652406,3.064905,3,0.0,-1,-1,-1,-1,-1,-1,2,0
518,20.72,93,car,1189.9573,860.4631,16.934706,104.18168,2.0711305,3.027942,3,0.0,-1,-1,-1,-1,-1,-1,2,0
519,20.76,93,car,1191.7512,856.422,16.974041,104.08716,1.9875916,2.9414551,3,0.0,-1,-1,-1,-1,-1,-1,2,0
520,20.8,93,car,1194.1733,855.54364,16.99827,104.06645,1.9976288,2.8793519,4,6.944444444444445,-1,-1,-1,-1,-1,-1,2,0
521,20.84,93,car,1195.5017,854.07477,17.017977,104.0317,2.0079713,2.9530396,3,-6.944444444444445,-1,-1,-1,-1,-1,-1,2,0
522,20.88,93,car,1196.4707,852.6569,17.034668,103.998,1.9892578,2.8995423,3,0.0,-1,-1,-1,-1,-1,-1,2,0
523,20.92,93,car,1197.5537,851.07275,17.053408,103.960175,1.9513886,2.659729,4,6.944444444444445,-1,-1,-1,-1,-1,-1,2,0
524,20.96,93,car,1200.1077,849.9511,17.080585,103.93327,1.9041961,2.8645508,4,0.0,-1,-1,-1,-1,-1,-1,2,0
525,21.0,93,car,1201.7756,848.37665,17.104002,103.895355,1.9489746,2.83432,4,0.0,-1,-1,-1,-1,-1,-1,2,0
526,21.04,93,car,1203.521,848.5024,17.116724,103.89839,1.9761871,2.8028016,4,0.0,-1,-1,-1,-1,-1,-1,2,0
528,21.12,93,car,1206.6267,844.12787,17.170523,103.79207,1.8788636,2.7435791,4,0.0,-1,-1,-1,-1,-1,-1,2,0
529,21.16,93,car,1205.8274,840.1472,17.191593,103.69402,1.7140259,2.4241638,4,0.0,-1,-1,-1,-1,-1,-1,2,0
531,21.24,93,car,1209.4207,838.98413,17.22799,103.66513,1.7896729,2.5919921,4,0.0,-1,-1,-1,-1,-1,-1,2,0
532,21.28,93,car,1210.9641,838.33185,17.244736,103.64889,1.8022126,2.5550172,4,0.0,-1,-1,-1,-1,-1,-1,2,0
534,21.36,93,car,1213.5624,834.03973,17.295713,103.54111,1.6648957,2.5154786,4,0.0,-1,-1,-1,-1,-1,-1,2,0
535,21.4,93,car,1214.1194,835.8675,17.287107,103.58719,1.8797333,2.389795,4,0.0,-1,-1,-1,-1,-1,-1,2,0
536,21.44,93,car,1214.3965,833.65875,17.305075,103.53147,1.7311035,2.4320495,4,0.0,-1,-1,-1,-1,-1,-1,2,0
537,21.48,93,car,1216.694,830.1891,17.348465,103.44313,1.6879548,2.4700563,4,0.0,-1,-1,-1,-1,-1,-1,2,0
538,21.52,93,car,1217.7507,826.2715,17.385672,103.34217,1.4961303,2.4442322,4,0.0,-1,-1,-1,-1,-1,-1,2,0
539,21.56,93,car,1219.4347,830.90955,17.365133,103.461555,1.8075684,2.3946655,3,-6.944444444444445,-1,-1,-1,-1,-1,-1,2,0
540,21.6,93,car,1219.9282,828.1938,17.389,103.39187,1.6672577,2.3008423,4,6.944444444444445,-1,-1,-1,-1,-1,-1,2,0
541,21.64,93,car,1221.1908,829.3523,17.390598,103.42168,1.7992829,2.2674806,3,-6.944444444444445,-1,-1,-1,-1,-1,-1,2,0
542,21.68,93,car,1222.4155,825.2256,17.431046,103.314995,1.6219635,2.271631,3,0.0,-1,-1,-1,-1,-1,-1,2,0
543,21.72,93,car,1222.5243,823.5449,17.44452,103.271126,1.6165314,2.248865,4,6.944444444444445,-1,-1,-1,-1,-1,-1,2,0
544,21.76,93,car,1223.2709,824.0938,17.446434,103.285484,1.6656007,2.1122558,3,-6.944444444444445,-1,-1,-1,-1,-1,-1,2,0
545,21.8,93,car,1225.6213,822.24976,17.47939,103.23716,1.6334625,2.0279846,3,0.0,-1,-1,-1,-1,-1,-1,2,0
546,21.84,93,car,1226.4043,815.6569,17.536407,103.06195,1.3273255,2.0353456,4,6.944444444444445,-1,-1,-1,-1,-1,-1,2,0
547,21.88,93,car,1227.1465,818.63086,17.519466,103.141464,1.5164856,2.086731,3,-6.944444444444445,-1,-1,-1,-1,-1,-1,2,0
548,21.92,93,car,1228.566,815.27686,17.557095,103.05173,1.3641083,2.053357,4,6.944444444444445,-1,-1,-1,-1,-1,-1,2,0
549,21.96,93,car,1228.7406,813.685,17.570997,103.00879,1.3123353,2.0207155,4,0.0,-1,-1,-1,-1,-1,-1,2,0
550,22.0,93,car,1228.9298,812.19055,17.584326,102.96826,1.2759308,1.9860718,4,0.0,-1,-1,-1,-1,-1,-1,2,0
551,22.04,93,car,1230.3516,811.8747,17.59855,102.95967,1.2569946,2.0358033,3,-6.944444444444445,-1,-1,-1,-1,-1,-1,2,0
552,22.08,93,car,1230.6982,811.74066,17.602474,102.956024,1.3187897,1.9879029,3,0.0,-1,-1,-1,-1,-1,-1,2,0
553,22.12,93,car,1231.7128,811.20953,17.61507,102.94155,1.3503388,1.9819459,3,0.0,-1,-1,-1,-1,-1,-1,2,0
554,22.16,93,car,1232.2397,810.5995,17.62429,102.92489,1.3761505,2.0634887,3,0.0,-1,-1,-1,-1,-1,-1,2,0
555,22.2,93,car,1232.614,809.6437,17.635035,102.89873,1.3459259,1.9279908,3,0.0,-1,-1,-1,-1,-1,-1,2,0
556,22.24,93,car,1234.0767,803.3263,17.698475,102.72362,1.0304749,1.86391,3,0.0,-1,-1,-1,-1,-1,-1,2,0
557,22.28,93,car,1234.197,806.42896,17.674131,102.81009,1.282547,1.8939393,3,0.0,-1,-1,-1,-1,-1,-1,2,0
558,22.32,93,car,1235.3438,804.84607,17.696606,102.76609,1.1753235,1.9597839,3,0.0,-1,-1,-1,-1,-1,-1,2,0
559,22.36,93,car,1235.9304,807.11554,17.682974,102.8291,1.39198,1.9562988,3,0.0,-1,-1,-1,-1,-1,-1,2,0
560,22.4,93,car,1236.3671,807.7903,17.681118,102.84774,1.4472932,1.968274,2,-6.944444444444445,-1,-1,-1,-1,-1,-1,2,0
562,22.48,93,car,1239.0039,808.04034,17.700985,102.85464,1.4981995,2.075061,2,0.0,-1,-1,-1,-1,-1,-1,2,0
563,22.52,93,car,1239.4309,806.2266,17.719372,102.80448,1.463147,1.9686829,2,0.0,-1,-1,-1,-1,-1,-1,2,0
565,22.6,93,car,1240.7959,799.80176,17.784185,102.62427,1.2060394,1.9004577,3,6.944444444444445,-1,-1,-1,-1,-1,-1,2,0
566,22.64,93,car,1242.3408,796.59015,17.82443,102.532684,1.0711548,1.8496704,3,0.0,-1,-1,-1,-1,-1,-1,2,0
569,22.76,93,car,1243.5077,795.60974,17.842703,102.504524,1.1053437,1.7701905,3,0.0,-1,-1,-1,-1,-1,-1,2,0
570,22.8,93,car,1245.2778,794.8641,17.86414,102.48304,1.0904359,1.8398193,3,0.0,-1,-1,-1,-1,-1,-1,2,0
572,22.88,93,car,1245.1323,793.4732,17.874922,102.44282,1.093161,1.7699097,3,0.0,-1,-1,-1,-1,-1,-1,2,0
573,22.92,93,car,1246.4576,794.5374,17.876986,102.47361,1.1450409,1.8566407,3,0.0,-1,-1,-1,-1,-1,-1,2,0
576,23.04,105,car,1210.8652,668.5876,18.884714,97.81487,0.8370056,1.4997987,0,0.0,-1,-1,-1,-1,-1,-1,2,0
577,23.08,105,car,1209.3641,670.2846,18.845913,97.894966,0.9231049,1.5340942,0,0.0,-1,-1,-1,-1,-1,-1,2,0
580,23.2,93,car,1250.0522,790.02686,17.947098,102.34231,1.092569,1.780188,3,0.0,-1,-1,-1,-1,-1,-1,2,0
581,23.24,93,car,1250.185,787.8922,17.967182,102.27944,0.9987152,1.7748474,3,0.0,-1,-1,-1,-1,-1,-1,2,0
