Frame,Time(s),Vehicle_ID,Vehicle_Type,Center_X(px),Center_Y(px),World_X(m),World_Y(m),Length(m),Width(m),Speed(km/h),Acceleration(m/s²),Front_Car_ID,Rear_Car_ID,Left_Front_Car_ID,Left_Rear_Car_ID,Right_Front_Car_ID,Right_Rear_Car_ID,Lane_ID
1,0.04,1,car,902.38043,491.12497,10.922118,-0.9267473,8.33624,8.852076,0.0,0.0,-1,-1,-1,-1,-1,-1,2
2,0.08,1,car,906.6688,494.2022,10.925744,-1.0635327,8.381523,8.944022,0.0,0.0,-1,-1,-1,-1,-1,-1,2
3,0.12,1,car,912.556,498.16986,10.936195,-1.2415922,8.350116,8.958142,0.0,0.0,-1,-1,-1,-1,-1,-1,2
4,0.16,1,car,917.6194,501.9862,10.936431,-1.4048693,8.402999,9.061271,0.0,0.0,-1,-1,-1,-1,-1,-1,2
5,0.2,1,car,922.1946,506.09357,10.922621,-1.5699017,8.623822,9.085019,0.0,0.0,-1,-1,-1,-1,-1,-1,2
6,0.24,1,car,926.81836,509.6018,10.922413,-1.7163019,8.575847,9.194107,0.0,0.0,-1,-1,-1,-1,-1,-1,2
7,0.28,1,car,931.5325,512.56464,10.935129,-1.8466231,8.536806,9.226865,0.0,0.0,-1,3,-1,-1,-1,-1,2
7,0.28,3,truck,745.8696,564.4467,7.039303,-1.5246077,15.555328,21.089247,0.0,0.0,1,-1,-1,-1,-1,-1,2
8,0.32,1,car,937.4778,516.6797,10.943072,-2.0198913,8.5635395,9.325553,0.0,0.0,-1,-1,-1,-1,-1,-1,2
8,0.32,3,truck,739.095,568.6486,6.8676467,-1.5769037,15.135137,20.144842,0.0,0.0,-1,-1,-1,-1,-1,-1,1
9,0.36,1,car,942.521,521.1147,10.930067,-2.191246,8.737726,9.389124,0.0,0.0,-1,-1,-1,-1,-1,-1,2
9,0.36,3,truck,745.55426,569.4914,6.956902,-1.6602513,15.050862,21.261005,0.0,0.0,-1,-1,-1,-1,-1,-1,1
10,0.4,1,car,946.6741,525.4375,10.905625,-2.3489618,8.812019,9.463584,0.0,0.0,-1,3,-1,-1,-1,-1,2
10,0.4,3,truck,748.7306,566.6186,7.05112,-1.6112477,15.33814,21.951492,0.0,0.0,1,-1,-1,-1,-1,-1,2
11,0.44,1,car,951.0526,528.99713,10.900639,-2.4864185,8.8226185,9.577555,0.0,0.0,-1,3,-1,-1,-1,-1,2
11,0.44,3,truck,761.2123,567.6802,7.231624,-1.756668,15.231986,22.581404,0.0,0.0,1,-1,-1,-1,-1,-1,2
12,0.48,1,car,955.8749,532.6646,10.900368,-2.6294842,8.910052,9.662076,0.0,0.0,-1,3,-1,-1,-1,-1,2
12,0.48,3,truck,765.03235,568.96436,7.271664,-1.8269708,15.103568,22.21646,0.0,0.0,1,-1,-1,-1,-1,-1,2
13,0.52,1,car,962.5907,535.7611,10.940874,-2.7736151,8.891535,9.588852,11.489208221435547,79.78616820441353,-1,3,-1,-1,-1,-1,2
13,0.52,3,truck,758.3607,574.12616,7.087353,-1.9042802,14.587382,21.39688,0.0,0.0,1,-1,-1,-1,-1,-1,2
14,0.56,1,car,967.07275,541.1898,10.899572,-2.9561841,8.961637,9.6822605,11.651021003723145,1.123699876997206,-1,3,-1,-1,-1,-1,2
14,0.56,3,truck,762.53735,576.29987,7.1193523,-2.0007117,14.370013,22.058058,0.0,0.0,1,-1,-1,-1,-1,-1,2
15,0.6,1,car,972.4856,544.5906,10.913652,-3.0929275,9.091014,9.788431,11.708975791931152,0.40246380700005424,-1,3,-1,-1,-1,-1,2
15,0.6,3,truck,757.7201,577.6352,7.023933,-1.9920667,14.236481,20.622604,0.0,0.0,1,-1,-1,-1,-1,-1,2
16,0.64,1,car,976.2304,548.7978,10.886238,-3.2335832,9.116607,9.895001,11.718069076538086,0.06314780977037218,-1,3,-1,-1,-1,-1,2
16,0.64,3,truck,758.0947,571.4779,7.123811,-1.8306042,14.852208,20.022947,0.0,0.0,1,-1,-1,-1,-1,-1,2
17,0.68,1,car,981.909,552.5498,10.89726,-3.3786652,9.17324,9.936261,11.725118637084961,0.048955281575520836,-1,3,-1,-1,-1,-1,2
17,0.68,3,truck,769.5917,576.40454,7.227614,-2.0681088,14.3595495,21.105925,0.0,0.0,1,-1,-1,-1,-1,-1,2
18,0.72,1,car,988.0436,555.56757,10.929517,-3.5082014,9.248973,9.931058,11.722062110900879,-0.02122587627834744,-1,3,-1,-1,-1,-1,2
18,0.72,3,truck,780.69763,578.08295,7.3740387,-2.2136734,14.191706,21.824415,0.0,0.0,1,-1,-1,-1,-1,-1,2
19,0.76,1,car,993.6434,561.54126,10.895354,-3.7036054,9.426658,10.020648,11.778312683105469,0.39062897364298504,-1,3,-1,-1,-1,-1,2
19,0.76,3,truck,778.5066,578.5451,7.332953,-2.2058587,14.145488,22.09267,3.4791131019592285,24.16050765249464,1,-1,-1,-1,-1,-1,2
20,0.8,1,car,998.4773,565.84515,10.88289,-3.849467,9.359346,10.040454,11.800209999084473,0.15206469429863825,4,3,-1,-1,-1,-1,2
20,0.8,3,truck,783.0482,578.3749,7.4058805,-2.2426932,14.162514,20.704863,3.612278461456299,0.9247594409518772,1,-1,-1,-1,-1,-1,2
20,0.8,4,van,998.81177,566.5967,10.873204,-3.870315,9.51794,9.940414,0.0,0.0,-1,1,-1,-1,-1,-1,2
21,0.84,1,car,1004.0608,569.833,10.887704,-3.9927003,9.503817,10.170593,11.82713794708252,0.18699963887532553,4,3,-1,-1,-1,-1,2
21,0.84,3,truck,789.9055,582.4786,7.4478965,-2.4113905,13.752144,20.816303,3.7960872650146484,1.2764500247107613,1,-1,-1,-1,-1,-1,2
21,0.84,4,van,1002.9332,571.30927,10.842601,-4.0176835,9.630666,9.906326,0.0,0.0,-1,1,-1,-1,-1,-1,2
22,0.88,1,car,1009.3009,573.16425,10.90011,-4.1161146,9.430934,10.229642,11.820857048034668,-0.04361735449896919,-1,3,-1,-1,-1,-1,2
22,0.88,3,truck,801.16724,580.4171,7.653168,-2.4597151,13.95829,21.913364,4.089970111846924,2.0408531030019126,1,-1,-1,-1,-1,-1,2
23,0.92,1,car,1015.52905,578.0715,10.896516,-4.283116,9.617149,10.308802,11.84022331237793,0.13448795676231384,-1,3,-1,-1,-1,-1,2
23,0.92,3,truck,792.70325,583.4967,7.47507,-2.4627962,13.650332,21.65103,4.022500038146973,-0.4685421884059906,1,-1,-1,-1,-1,-1,2
24,0.96,1,car,1020.792,581.7725,10.902015,-4.4124165,9.681018,10.296206,11.848855018615723,0.05994240567088127,-1,3,-1,-1,-1,-1,2
24,0.96,3,truck,791.5632,585.2703,7.430148,-2.4980698,13.472969,20.787378,3.9165525436401367,-0.7357465028762817,1,-1,-1,-1,-1,-1,2
25,1.0,1,car,1026.4395,586.2007,10.899188,-4.5599637,9.809073,10.522529,11.862828254699707,0.09703636914491653,-1,3,-1,-1,-1,-1,2
25,1.0,3,truck,791.3522,586.47723,7.4083233,-2.5270488,13.352279,20.563828,3.8044755458831787,-0.7783125042915344,1,-1,-1,-1,-1,-1,2
26,1.04,1,van,1031.7075,589.2721,10.916581,-4.6725817,9.73331,10.540332,11.852319717407227,-0.07297595590353012,-1,3,-1,-1,-1,-1,2
26,1.04,3,truck,788.54346,588.12854,7.340057,-2.544059,13.187148,19.629791,3.6593921184539795,-1.0075238943099976,1,-1,-1,-1,-1,-1,2
27,1.08,1,van,1037.7719,594.0698,10.912684,-4.828669,9.904683,10.490134,11.853211402893066,0.006192260318332248,-1,6,-1,-1,-1,-1,2
27,1.08,3,truck,792.6317,589.71765,7.3781767,-2.6208878,13.028234,19.942139,3.5668129920959473,-0.6429105997085571,6,-1,-1,-1,-1,-1,2
27,1.08,6,car,1037.1019,592.0671,10.940838,-4.779229,9.981392,10.571274,0.0,0.0,1,3,-1,-1,-1,-1,2
28,1.12,1,van,1043.7067,599.0615,10.903389,-4.985915,9.924312,10.6060915,11.846756935119629,-0.04482269287109375,-1,6,-1,-1,-1,-1,2
28,1.12,3,truck,789.1106,589.7184,7.324469,-2.5895467,13.028165,19.908575,3.4377033710479736,-0.896594590610928,6,-1,-1,-1,-1,-1,2
28,1.12,6,car,1042.4033,598.8856,10.888249,-4.9714193,9.84523,10.518699,0.0,0.0,1,3,-1,-1,-1,-1,2
29,1.16,1,van,1048.4481,603.2638,10.892076,-5.1146493,10.07782,10.676236,11.814023971557617,-0.22731224695841473,-1,6,-1,-1,-1,-1,2
29,1.16,3,truck,806.2994,589.795,7.5849233,-2.7442749,13.0205,20.764454,3.465883731842041,0.19569694995880127,6,-1,-1,-1,-1,-1,2
29,1.16,6,car,1048.1447,603.1536,10.889853,-5.1098313,10.023641,10.576392,0.0,0.0,1,3,-1,-1,-1,-1,2
30,1.2,1,car,1053.3656,607.7024,10.878991,-5.248394,10.107523,10.75856,11.788636207580566,-0.1763039165072971,-1,6,-1,-1,-1,-1,2
30,1.2,3,truck,802.62305,590.41876,7.519445,-2.7273536,12.958122,19.89514,3.437516927719116,-0.19699169529808894,6,-1,-1,-1,-1,-1,2
30,1.2,6,van,1053.1356,607.2988,10.883211,-5.2380533,10.036529,10.818094,0.0,0.0,1,3,-1,-1,-1,-1,2
31,1.24,3,truck,813.7981,594.4985,7.6256137,-2.9277632,12.550155,21.688475,3.481348991394043,0.30438933107588023,-1,-1,-1,-1,-1,-1,2
32,1.28,1,car,1065.6464,614.8982,10.917741,-5.49644,10.109601,10.772476,0.0,-81.8655292193095,-1,3,-1,-1,-1,-1,2
32,1.28,3,truck,807.9126,593.1482,7.557557,-2.8424368,12.685178,20.157927,3.526015520095825,0.3101842270957099,1,-1,-1,-1,-1,-1,2
33,1.32,1,car,1070.8911,618.0259,10.933069,-5.6020365,10.030878,10.880963,0.0,0.0,-1,3,-1,-1,-1,-1,2
33,1.32,3,truck,812.00134,596.18994,7.5724835,-2.9537947,12.381007,20.030035,3.545546770095825,0.13563368055555555,1,-1,-1,-1,-1,-1,2
34,1.36,1,van,1075.2206,620.4116,10.949193,-5.684594,9.886887,11.015769,0.0,0.0,-1,3,-1,-1,-1,-1,2
34,1.36,3,truck,820.08203,596.67126,7.686603,-3.0363722,12.332873,22.867289,3.5982203483581543,0.365788737932841,1,-1,-1,-1,-1,-1,2
35,1.4,1,car,1079.7153,622.6867,10.969484,-5.7657113,9.73133,11.12237,0.0,0.0,-1,3,-1,-1,-1,-1,2
35,1.4,3,truck,814.0187,596.4123,7.5994368,-2.9769533,12.358769,20.2303,3.5056421756744385,-0.6429039769702488,1,-1,-1,-1,-1,-1,2
36,1.44,1,van,1087.2112,624.55615,11.037946,-5.8617673,9.538083,10.932334,0.0,0.0,-1,3,-1,-1,-1,-1,2
36,1.44,3,truck,813.95166,597.2126,7.586131,-2.996063,12.278742,20.020288,3.3970937728881836,-0.7538083526823256,1,-1,-1,-1,-1,-1,2
37,1.48,1,car,1092.1866,626.7949,11.065035,-5.944882,9.320508,10.976748,0.0,0.0,-1,3,-1,-1,-1,-1,2
37,1.48,3,truck,813.6798,598.0635,7.568998,-3.014589,12.193656,20.090178,3.3507425785064697,-0.3218832943174574,1,-1,-1,-1,-1,-1,2
38,1.52,1,car,1097.1475,628.6526,11.098667,-6.0199213,9.134738,10.948493,0.0,0.0,-1,3,-1,-1,-1,-1,2
38,1.52,3,truck,811.2677,598.1113,7.5320144,-2.9946842,12.188865,19.500168,3.26233172416687,-0.6139642662472194,1,-1,-1,-1,-1,-1,2
39,1.56,1,car,1102.1559,629.3292,11.154196,-6.07196,8.9636755,11.321078,0.0,0.0,-1,3,-1,-1,-1,-1,2
39,1.56,3,truck,804.71747,600.807,7.392682,-3.0036438,11.891698,18.592249,3.1737802028656006,-0.6149411201477051,1,-1,-1,-1,-1,-1,2
40,1.6,1,car,1107.806,631.704,11.187366,-6.1616735,8.746152,11.102707,0.0,0.0,-1,3,-1,-1,-1,-1,2
40,1.6,3,truck,804.63763,599.498,7.411249,-2.9708178,11.936297,18.09881,3.0944063663482666,-0.5512071980370417,1,-1,-1,-1,-1,-1,2
41,1.64,1,car,1113.3546,632.63367,11.245181,-6.222296,8.614997,11.111557,0.0,0.0,-1,3,-1,-1,-1,-1,2
41,1.64,3,truck,797.7766,602.1485,7.2683024,-2.9760087,11.751203,16.949472,2.8909146785736084,-1.4131367206573486,1,-1,-1,-1,-1,-1,2
42,1.68,1,car,1117.0759,634.82556,11.255351,-6.2928205,8.486969,11.018817,0.0,0.0,-1,3,-1,-1,-1,-1,2
42,1.68,3,truck,798.7804,602.92725,7.2717595,-3.0038278,11.707273,16.78073,2.6404988765716553,-1.7389986250135634,1,-1,-1,-1,-1,-1,2
43,1.72,1,car,1123.2875,636.4049,11.309858,-6.370331,8.272049,11.093887,0.0,0.0,-1,3,-1,-1,-1,-1,2
43,1.72,3,truck,827.6881,602.89484,7.7044425,-3.2537453,11.67195,19.670532,2.648672580718994,0.056761834356519915,1,16,-1,-1,-1,-1,2
43,1.72,16,truck,340.935,148.77441,7.0262203,34.156277,7.786751,6.7517867,0.0,0.0,3,-1,-1,-1,-1,-1,2
44,1.76,1,car,1129.036,639.4465,11.331412,-6.471424,7.9625244,10.975284,6.172917366027832,42.86748170852661,-1,3,-1,-1,-1,-1,2
44,1.76,3,truck,838.53766,602.4507,7.8727,-3.3367095,11.754935,22.084248,2.7004666328430176,0.35968091752794057,1,16,-1,-1,-1,-1,2
44,1.76,16,truck,342.58594,148.19415,7.1083217,34.19807,7.7478952,6.8833556,0.0,0.0,3,-1,-1,-1,-1,-1,2
45,1.8,1,car,1133.6771,640.6806,11.370782,-6.529682,7.8264956,11.084287,6.1621551513671875,-0.07473760181003146,-1,3,-1,-1,-1,-1,2
45,1.8,3,truck,812.8506,606.43616,7.4296603,-3.2109218,11.245597,17.757603,2.511493682861328,-1.3123121526506214,1,16,-1,-1,-1,-1,2
45,1.8,16,truck,341.464,147.47508,7.09281,34.356907,7.6374254,6.776645,0.0,0.0,3,-1,-1,-1,-1,-1,2
46,1.84,1,car,1139.96,643.2118,11.408262,-6.6241336,7.651746,11.235639,6.201055526733398,0.2701414955986871,-1,3,-1,-1,-1,-1,2
46,1.84,3,truck,818.4332,608.9282,7.4752674,-3.3186893,11.10718,18.028086,2.3050765991210938,-1.4334519704182944,1,16,-1,-1,-1,-1,2
46,1.84,16,truck,342.58472,146.82123,7.1582723,34.429474,7.5796714,7.00464,0.0,0.0,3,-1,-1,-1,-1,-1,2
47,1.88,1,car,1143.988,644.2921,11.441964,-6.6743574,7.4733734,11.096717,6.201732635498047,0.004702144198947483,-1,3,-1,-1,-1,-1,2
47,1.88,2,car,463.26175,41.671745,18.499187,53.087128,1.6427101,2.472592,79.92770385742188,0.0,16,-1,-1,-1,-1,-1,2
47,1.88,3,truck,811.8785,608.19305,7.3888927,-3.244772,11.003615,17.282715,2.1421995162963867,-1.1310908529493544,1,16,-1,-1,-1,-1,2
47,1.88,16,truck,343.24292,147.33871,7.163808,34.31982,7.598096,7.0518875,0.0,0.0,3,2,-1,-1,-1,-1,2
48,1.92,1,car,1148.9309,646.21906,11.472292,-6.7467666,7.289618,11.05799,6.202459812164307,0.005049837960137262,-1,3,-1,-1,-1,-1,2
48,1.92,3,truck,811.96375,608.44147,7.386453,-3.2514634,10.950179,16.793802,2.010204792022705,-0.9166300296783447,1,16,-1,-1,-1,-1,2
48,1.92,16,truck,345.66104,146.44937,7.286221,34.388218,7.780739,7.2584047,0.0,0.0,3,-1,-1,-1,-1,-1,2
49,1.96,1,car,1153.4521,648.54663,11.489692,-6.822927,7.0919833,10.957465,6.195629596710205,-0.04743205176459419,-1,3,-1,-1,-1,-1,2
49,1.96,2,car,454.5428,37.50092,18.496775,54.866547,1.5826789,2.3324845,79.29515075683594,-4.392729865180122,16,-1,-1,-1,-1,-1,2
49,1.96,3,truck,831.65894,611.8333,7.62714,-3.500576,10.703193,18.044239,2.0374083518981934,0.1889136102464464,1,16,-1,-1,-1,-1,2
49,1.96,16,truck,344.4398,147.19066,7.2136245,34.304367,7.5701876,7.2660766,0.0,0.0,3,2,-1,-1,-1,-1,2
50,2.0,1,car,1156.5085,649.41656,11.51408,-6.8614335,6.9024353,10.750214,6.1728692054748535,-0.15805827246771917,-1,3,-1,-1,-1,-1,2
50,2.0,2,car,450.78006,35.868404,18.4794,55.603394,1.4749229,2.2964966,79.09827423095703,-1.3671980963812935,16,-1,-1,-1,-1,-1,2
50,2.0,3,truck,830.08716,613.7382,7.5753016,-3.5319598,10.520622,17.7616,2.0700042247772217,0.22636022832658556,1,16,-1,-1,-1,-1,2
50,2.0,16,truck,346.44376,148.86899,7.226351,33.95576,8.111566,7.5467257,0.0,0.0,3,2,-1,-1,-1,-1,2
51,2.04,1,car,1160.8438,651.4208,11.534674,-6.9297347,6.7406373,10.890876,6.1492838859558105,-0.16378694110446507,-1,3,-1,-1,-1,-1,2
51,2.04,2,car,445.89124,35.325527,18.302296,56.06067,1.6100925,2.2701461,78.37859344482422,-4.99778323703342,3,-1,-1,-1,-1,-1,2
51,2.04,3,truck,825.577,612.35864,7.5295267,-3.4611533,10.668001,18.043936,2.03609299659729,-0.23549464013841417,1,2,-1,-1,-1,-1,2
52,2.08,1,car,1165.5029,653.54565,11.557208,-7.002218,6.602051,10.856275,6.12717866897583,-0.15350845456123352,-1,3,-1,-1,-1,-1,2
52,2.08,2,car,441.0738,32.93862,18.3067,57.130905,1.542292,2.2725205,77.81182861328125,-3.9358670711517334,3,-1,-1,-1,-1,-1,2
52,2.08,3,truck,835.76416,618.0344,7.5942554,-3.6800709,10.145698,17.855947,2.105013132095337,0.4786120653152466,1,2,-1,-1,-1,-1,2
53,2.12,1,car,1169.75,655.7671,11.572529,-7.072978,6.374161,10.715131,6.10512638092041,-0.15314088927374944,-1,3,-1,-1,-1,-1,2
53,2.12,2,car,436.97156,30.968647,18.304329,58.041523,1.478746,2.153775,77.41865539550781,-2.7303695678710938,16,-1,-1,-1,-1,-1,2
53,2.12,3,truck,833.69775,618.854,7.5517917,-3.681631,10.072739,17.51689,2.0254087448120117,-0.5528082450230917,1,16,-1,-1,-1,-1,2
53,2.12,16,truck,341.8556,149.7787,7.0241623,33.957726,7.7046113,7.3264375,0.0,0.0,3,2,-1,-1,-1,-1,2
54,2.16,1,car,1172.7803,657.7662,11.575985,-7.130516,6.1957827,10.545325,6.0726118087768555,-0.22579563988579646,-1,3,-1,-1,-1,-1,2
54,2.16,2,car,433.51526,28.599926,18.373426,59.071014,1.4185871,2.1070511,77.20935821533203,-1.4534526401095922,3,-1,-1,-1,-1,-1,2
54,2.16,3,truck,832.4271,612.6629,7.6259365,-3.5266109,10.733711,20.972303,1.9734086990356445,-0.36111142900254994,1,2,-1,-1,-1,-1,2
55,2.2,1,car,1174.852,659.10645,11.578812,-7.169226,6.0009675,10.323224,6.027828693389893,-0.31099388003349304,-1,3,-1,-1,-1,-1,2
55,2.2,2,car,429.03278,26.399614,18.376394,60.128307,1.3799876,2.1195786,77.28215789794922,0.5055533647537231,3,-1,-1,-1,-1,-1,2
55,2.2,3,truck,844.3851,617.99,7.72094,-3.7515965,10.187711,18.18703,1.933424711227417,-0.2776665985584259,1,2,-1,-1,-1,-1,2
56,2.24,1,car,1177.5193,660.7041,11.584721,-7.2166424,5.830237,10.161158,5.977077960968018,-0.3524356484413147,-1,3,-1,-1,-1,-1,2
56,2.24,2,car,424.585,25.157143,18.28288,60.85717,1.3706386,2.1261017,77.18110656738281,-0.7017453908920288,3,-1,-1,-1,-1,-1,2
56,2.24,3,truck,855.42163,618.9176,7.8677373,-3.865465,10.087183,19.45283,2.020282745361328,0.6031808257102966,1,2,-1,-1,-1,-1,2
57,2.28,1,car,1180.7953,662.6666,11.591941,-7.2746267,5.687137,9.835401,5.922919750213623,-0.3760986857944065,-1,3,-1,-1,-1,-1,2
57,2.28,3,truck,847.765,620.2711,7.735849,-3.8323214,9.972888,18.770634,2.011192560195923,-0.06312628587086996,1,18,-1,-1,-1,-1,2
57,2.28,18,truck,501.68823,294.73993,7.499566,13.903988,16.740967,12.7912035,0.0,0.0,3,-1,-1,-1,-1,-1,2
58,2.32,1,car,1183.0753,665.0875,11.578188,-7.3330307,5.4367433,9.601733,5.864420413970947,-0.4062453905741374,-1,-1,-1,-1,-1,-1,2
58,2.32,18,truck,484.17947,297.66052,6.9886103,14.00803,16.911087,10.951261,0.0,0.0,-1,-1,-1,-1,-1,-1,1
59,2.36,1,car,1185.1323,666.9514,11.571517,-7.379949,5.2590575,9.4867735,5.7985124588012695,-0.4576941331227621,-1,3,-1,-1,-1,-1,2
59,2.36,3,truck,847.86926,624.0679,7.6804643,-3.9196746,9.558731,20.902796,0.0,-13.966615001360577,1,18,-1,-1,-1,-1,2
59,2.36,18,truck,491.40195,299.88275,7.1149793,13.713208,17.185509,11.73281,0.0,0.0,3,-1,-1,-1,-1,-1,2
60,2.4,1,car,1186.783,668.43787,11.566347,-7.417293,5.1080537,9.267108,5.7011003494262695,-0.6764729817708334,-1,3,-1,-1,-1,-1,2
60,2.4,3,truck,881.6809,629.4132,8.086703,-4.3181577,9.05868,17.434263,0.0,0.0,1,-1,-1,-1,-1,-1,2
60,2.4,18,truck,480.309,298.0374,6.882382,14.050889,16.906233,10.468753,0.0,0.0,-1,-1,-1,-1,-1,-1,1
61,2.44,1,car,1190.4209,670.9442,11.568574,-7.486091,4.82908,8.929865,5.60855770111084,-0.6426572799682617,-1,18,-1,-1,-1,-1,2
61,2.44,18,truck,482.02728,292.75586,7.0544744,14.414612,16.063894,10.5454855,0.0,0.0,1,-1,-1,-1,-1,-1,2
62,2.48,1,car,1192.3481,671.72314,11.579412,-7.5130873,4.74155,8.765192,5.50798225402832,-0.698440604739719,-1,18,-1,-1,-1,-1,2
62,2.48,16,truck,346.7168,150.99742,7.159161,33.594254,7.7753754,7.6257553,0.0,0.0,18,-1,-1,-1,-1,-1,2
62,2.48,18,truck,485.54144,297.54547,7.0255566,13.99165,16.255512,10.949214,0.0,0.0,1,16,-1,-1,-1,-1,2
63,2.52,1,car,1194.4935,674.129,11.564395,-7.5689936,4.534433,8.490394,5.3974738121032715,-0.7674197355906169,-1,18,-1,-1,-1,-1,2
63,2.52,18,truck,490.81555,294.8776,7.223571,14.093097,16.254225,11.445081,0.0,0.0,1,-1,-1,-1,-1,-1,2
64,2.56,1,car,1196.8291,676.16705,11.558307,-7.6197953,4.332233,8.317084,5.279448509216309,-0.8196201589372423,-1,18,-1,-1,-1,-1,2
64,2.56,18,truck,494.805,297.54718,7.2572417,13.822563,16.541563,11.800494,0.0,0.0,1,-1,-1,-1,-1,-1,2
65,2.6,1,car,1199.7969,677.4515,11.573417,-7.662293,4.200458,7.9457827,5.158470153808594,-0.8401274681091309,-1,18,-1,-1,-1,-1,2
65,2.6,18,truck,504.99475,290.7633,7.684341,14.139324,15.996142,13.594287,0.0,0.0,1,-1,-1,-1,-1,-1,2
66,2.64,1,car,1203.0471,679.82275,11.573063,-7.7246466,3.9920442,7.691785,5.051490306854248,-0.742915603849623,-1,18,-1,-1,-1,-1,2
66,2.64,18,truck,502.93042,290.4193,7.6412888,14.203322,15.935892,13.313402,0.0,0.0,1,-1,-1,-1,-1,-1,2
67,2.68,1,car,1205.519,681.87085,11.568537,-7.7758603,3.7940063,7.4444823,4.931480884552002,-0.8333987659878201,-1,18,-1,-1,-1,-1,2
67,2.68,18,truck,509.97577,293.72836,7.732497,13.827208,16.166565,13.939058,0.0,0.0,1,-1,-1,-1,-1,-1,2
68,2.72,1,car,1208.6191,682.7732,11.591835,-7.812477,3.679721,7.1357303,4.809781551361084,-0.8451342582702637,-1,18,-1,-1,-1,-1,2
68,2.72,18,truck,515.1875,288.20743,8.0077,14.142617,15.912162,14.352905,0.0,0.0,1,-1,-1,-1,-1,-1,2
69,2.76,1,car,1211.6344,684.687,11.596427,-7.8649116,3.4893982,6.8365602,4.692538261413574,-0.8141895135243734,-1,18,-1,-1,-1,-1,2
69,2.76,18,truck,506.79175,285.56366,7.865923,14.499451,15.557469,13.313594,6.508789539337158,45.19992735650805,1,-1,-1,-1,-1,-1,2
70,2.8,1,car,1214.7191,686.04987,11.61142,-7.9086533,3.3630128,6.5280886,4.570804119110107,-0.8453760147094727,-1,18,-1,-1,-1,-1,2
70,2.8,18,truck,501.48856,291.3713,7.58048,14.158516,16.16839,12.754453,3.917489528656006,-17.995140075683594,1,-1,-1,-1,-1,-1,2
71,2.84,1,car,1217.0002,687.6428,11.612334,-7.9503613,3.2254243,6.2999816,4.450575828552246,-0.834918737411499,-1,18,-1,-1,-1,-1,2
71,2.84,18,truck,504.5386,289.6543,7.70162,14.231095,15.726956,13.135721,3.978929281234741,0.42666494846343994,1,-1,-1,-1,-1,-1,2
72,2.88,1,car,1219.7212,689.7917,11.609122,-8.003902,3.0143373,6.027875,4.331164360046387,-0.8292463421821594,-1,18,-1,-1,-1,-1,2
72,2.88,18,truck,505.76852,295.02078,7.594354,13.808714,16.201426,13.26489,3.167576551437378,-5.63439416885376,1,-1,-1,-1,-1,-1,2
73,2.92,3,truck,934.51587,645.42175,8.586012,-5.083836,7.4412966,17.364307,0.0,0.0,-1,-1,-1,-1,-1,-1,2
74,2.96,18,truck,505.61987,285.7709,7.830722,14.505572,15.700556,13.138478,0.0,-21.997059384981792,-1,-1,-1,-1,-1,-1,2
75,3.0,18,truck,506.96027,297.57852,7.5590754,13.599624,19.04069,13.287,0.0,0.0,-1,-1,-1,-1,-1,-1,2
76,3.04,3,truck,902.22314,653.60803,8.014195,-4.998205,6.6021514,17.382114,0.0,0.0,-1,18,-1,-1,-1,-1,2
76,3.04,18,truck,509.7821,300.45508,7.5564084,13.340494,19.239397,13.448493,0.0,0.0,3,-1,-1,-1,-1,-1,2
77,3.08,18,truck,511.71115,289.4693,7.8869386,14.112212,15.71709,13.486984,0.0,0.0,-1,-1,-1,-1,-1,-1,2
80,3.2,18,truck,513.707,297.63278,7.72495,13.473735,16.97001,13.449927,0.0,0.0,-1,-1,-1,-1,-1,-1,2
81,3.24,18,truck,514.8152,303.97183,7.591954,12.999949,19.794779,13.837127,0.0,0.0,-1,-1,-1,-1,-1,-1,2
82,3.28,18,truck,514.521,305.19305,7.554311,12.918987,19.12043,13.748805,0.0,0.0,-1,-1,-1,-1,-1,-1,2
83,3.32,18,truck,513.8939,305.7096,7.526171,12.89372,19.783102,13.729538,0.0,0.0,-1,-1,-1,-1,-1,-1,2
84,3.36,18,truck,515.7149,302.5726,7.649096,13.083162,20.500937,13.874201,0.0,0.0,-1,-1,-1,-1,-1,-1,2
85,3.4,18,truck,513.9354,290.03973,7.927749,14.02845,21.006727,13.479372,0.0,0.0,-1,-1,-1,-1,-1,-1,2
89,3.56,18,truck,525.42993,290.58386,8.200658,13.776768,20.722746,13.97908,0.0,0.0,-1,-1,-1,-1,-1,-1,2
95,3.8,18,truck,533.6164,304.9119,8.026044,12.60267,18.131561,14.795241,0.0,0.0,-1,-1,-1,-1,-1,-1,2
97,3.88,18,truck,532.6878,295.51,8.249025,13.285167,17.799377,14.567804,0.0,0.0,-1,-1,-1,-1,-1,-1,2
98,3.92,18,truck,533.3741,297.13617,8.222783,13.155906,17.744238,14.54339,0.0,0.0,-1,-1,-1,-1,-1,-1,2
99,3.96,18,truck,541.71765,306.77615,8.173737,12.332446,17.31138,15.302254,0.0,0.0,-1,-1,-1,-1,-1,-1,2
100,4.0,18,truck,548.0596,308.21384,8.288834,12.124366,17.3417,15.828933,0.0,0.0,-1,-1,-1,-1,-1,-1,2
101,4.04,18,truck,561.1006,325.14694,8.166291,10.794219,17.069574,17.203074,0.0,0.0,-1,-1,-1,-1,-1,-1,2
102,4.08,18,truck,566.99866,318.2727,8.477265,11.136294,16.995178,17.286646,0.0,0.0,-1,-1,-1,-1,-1,-1,2
103,4.12,18,truck,550.11206,312.9652,8.215454,11.769228,17.421999,16.010078,0.0,0.0,-1,-1,-1,-1,-1,-1,2
130,5.2,24,truck,757.0642,583.5677,6.924527,-2.1427026,12.985852,11.196207,0.0,0.0,-1,-1,-1,-1,-1,-1,1
131,5.24,24,truck,754.9039,584.0886,6.883298,-2.1367521,13.215652,11.782325,0.0,0.0,-1,-1,-1,-1,-1,-1,1
132,5.28,24,truck,757.7568,581.65485,6.9638925,-2.0987453,13.482783,11.434772,0.0,0.0,-1,-1,-1,-1,-1,-1,1
135,5.4,24,truck,767.0273,591.10596,6.965935,-2.427772,12.7230425,11.6600895,0.0,0.0,-1,-1,-1,-1,-1,-1,1
139,5.56,24,truck,782.6607,595.3535,7.1413236,-2.6745768,12.323255,11.554865,0.0,0.0,-1,-1,-1,-1,-1,-1,2
140,5.6,24,truck,783.9475,596.8895,7.1379604,-2.7244582,12.273826,11.409549,0.0,0.0,-1,-1,-1,-1,-1,-1,2
141,5.64,24,truck,783.964,596.5112,7.143845,-2.715135,12.348874,11.871329,0.0,0.0,-1,-1,-1,-1,-1,-1,2
142,5.68,24,truck,782.64764,601.1669,7.054974,-2.8195384,11.883315,12.121345,0.0,0.0,-1,-1,-1,-1,-1,-1,2
143,5.72,24,car,789.5793,601.9994,7.147216,-2.900788,11.751487,12.34657,0.0,0.0,-1,-1,-1,-1,-1,-1,2
144,5.76,24,car,791.0763,603.87335,7.1420407,-2.9599078,11.612663,11.897873,0.0,0.0,-1,-1,-1,-1,-1,-1,2
145,5.8,24,car,793.00903,604.9514,7.155149,-3.0031052,11.504859,11.83299,0.0,0.0,-1,-1,-1,-1,-1,-1,2
147,5.88,24,truck,802.89087,607.28937,7.2684274,-3.1455262,11.271065,12.058291,0.0,0.0,-1,-1,-1,-1,-1,-1,2
151,6.04,24,truck,806.7599,612.2285,7.253054,-3.2973297,10.705533,12.70597,0.0,0.0,-1,-1,-1,-1,-1,-1,2
152,6.08,24,truck,811.3736,613.4635,7.303217,-3.366137,10.566482,12.093579,0.0,0.0,-1,-1,-1,-1,-1,-1,2
153,6.12,24,truck,818.89276,613.65674,7.4114923,-3.434831,10.3884325,12.018732,0.0,0.0,-1,-1,-1,-1,-1,-1,2
154,6.16,24,truck,824.9956,616.2234,7.463291,-3.5469637,10.139075,11.912091,0.0,0.0,-1,-1,-1,-1,-1,-1,2
155,6.2,24,truck,829.2676,616.89636,7.516032,-3.5988202,10.063547,11.997171,0.0,0.0,-1,-1,-1,-1,-1,-1,2
156,6.24,24,truck,827.12683,618.3849,7.4625244,-3.6153672,10.08732,12.068155,0.0,0.0,-1,28,-1,-1,-1,-1,2
156,6.24,28,car,836.47546,441.44302,10.917776,1.4378647,6.06127,7.273624,0.0,0.0,24,-1,-1,-1,-1,-1,2
157,6.28,24,truck,829.8701,619.0115,7.493432,-3.653039,10.022586,12.181052,0.0,0.0,-1,28,-1,-1,-1,-1,2
157,6.28,28,car,839.10156,450.0495,10.764019,1.099105,6.678697,7.3984375,0.0,0.0,24,-1,-1,-1,-1,-1,2
158,6.32,28,car,843.43054,446.41168,10.92467,1.1799245,6.4643207,7.2935915,0.0,0.0,-1,-1,-1,-1,-1,-1,2
159,6.36,24,truck,836.21094,622.4697,7.5347905,-3.7859528,9.753031,13.057849,0.0,0.0,-1,28,-1,-1,-1,-1,2
159,6.36,28,car,846.0723,449.58987,10.897267,1.0373502,6.833566,7.593329,0.0,0.0,24,-1,-1,-1,-1,-1,2
160,6.4,24,car,852.1816,624.62427,7.734623,-3.9681273,9.484634,11.659113,0.0,0.0,-1,28,-1,-1,-1,-1,2
160,6.4,28,car,843.964,453.4502,10.771336,0.9250809,6.747052,8.315699,0.0,0.0,24,-1,-1,-1,-1,-1,2
161,6.44,24,truck,852.8798,625.89124,7.725782,-4.002505,9.403,11.87796,0.0,0.0,-1,28,-1,-1,-1,-1,2
161,6.44,28,car,852.885,454.36166,10.906287,0.79441977,6.8123813,7.7599764,0.0,0.0,24,-1,-1,-1,-1,-1,2
162,6.48,24,truck,854.802,627.42,7.7307262,-4.0527725,9.258002,12.08715,0.0,0.0,-1,28,-1,-1,-1,-1,2
162,6.48,28,car,854.1232,465.42944,10.676705,0.4026051,6.413179,8.01081,0.0,0.0,24,-1,-1,-1,-1,-1,2
163,6.52,24,truck,851.25806,628.6214,7.6617556,-4.0504155,9.020698,12.941254,0.0,0.0,-1,28,-1,-1,-1,-1,2
163,6.52,28,car,860.9856,467.33743,10.751848,0.26464522,7.116928,7.723111,0.0,0.0,24,-1,-1,-1,-1,-1,2
164,6.56,24,truck,855.694,629.3517,7.714829,-4.103343,8.97157,12.3491125,0.0,0.0,-1,28,-1,-1,-1,-1,2
164,6.56,28,car,865.4313,468.042,10.812135,0.19343272,6.2316484,7.6232333,0.0,0.0,24,-1,-1,-1,-1,-1,2
165,6.6,24,truck,852.6909,630.3544,7.65675,-4.100969,8.826871,12.99823,0.0,0.0,-1,28,-1,-1,-1,-1,2
165,6.6,28,car,868.4496,479.08475,10.619254,-0.19910067,7.1747103,7.782108,0.0,0.0,24,-1,-1,-1,-1,-1,2
166,6.64,24,truck,861.05566,631.4229,7.7610917,-4.1934752,8.757148,12.801859,0.0,0.0,-1,28,-1,-1,-1,-1,2
166,6.64,28,car,872.6012,473.42908,10.813917,-0.060060196,6.3602843,7.7199616,0.0,0.0,24,-1,-1,-1,-1,-1,2
167,6.68,24,truck,867.85474,633.4151,7.828798,-4.2930694,8.5166445,12.038642,0.0,0.0,-1,28,-1,-1,-1,-1,2
167,6.68,28,car,875.3036,476.92853,10.782101,-0.20186134,6.3725905,7.8642488,0.0,0.0,24,-1,-1,-1,-1,-1,2
168,6.72,28,car,879.07495,478.47754,10.811433,-0.29117382,6.104552,7.827652,10.408435821533203,72.2808043162028,-1,-1,-1,-1,-1,-1,2
169,6.76,28,car,881.83923,480.70892,10.808722,-0.39115977,6.109981,7.9853854,10.289825439453125,-0.8236832618713379,-1,-1,-1,-1,-1,-1,2
170,6.8,28,car,886.0366,485.84235,10.7666,-0.596277,6.161748,8.04925,10.457895278930664,1.167151689529419,-1,-1,-1,-1,-1,-1,2
171,6.84,24,car,895.73914,639.04834,8.140325,-4.6410937,7.913666,12.29206,0.0,0.0,-1,28,-1,-1,-1,-1,2
171,6.84,28,car,888.78265,493.1219,10.655119,-0.8492785,6.744896,8.153119,10.978280067443848,3.613783253563775,24,-1,-1,-1,-1,-1,2
172,6.88,24,car,895.76306,639.96533,8.126834,-4.6608553,7.838193,11.940781,0.0,0.0,-1,28,-1,-1,-1,-1,2
172,6.88,28,car,891.48926,497.0672,10.615615,-0.9965887,7.025688,8.500556,11.363075256347656,2.6721888118320045,24,-1,-1,-1,-1,-1,2
173,6.92,24,car,898.24554,641.6323,8.136703,-4.7162147,7.7131805,12.113263,0.0,0.0,-1,28,-1,-1,-1,-1,2
173,6.92,28,car,894.37146,495.21414,10.702347,-0.9696956,6.9825044,8.418879,11.423564910888672,0.42006704542371964,24,-1,-1,-1,-1,-1,2
174,6.96,24,car,901.5995,643.3527,8.157956,-4.7794185,7.603119,12.1439,0.0,0.0,-1,28,-1,-1,-1,-1,2
174,6.96,28,car,892.9928,494.56607,10.693547,-0.93606496,6.9797945,8.912867,11.327682495117188,-0.665850109524197,24,-1,-1,-1,-1,-1,2
175,7.0,24,car,907.81165,644.8396,8.222622,-4.860168,7.483374,12.348208,0.0,0.0,-1,28,-1,-1,-1,-1,2
175,7.0,28,car,905.5871,499.61044,10.791888,-1.2146244,7.0578218,8.193512,11.354598999023438,0.186920166015625,24,-1,-1,-1,-1,-1,2
176,7.04,24,car,917.77576,645.9912,8.344368,-4.9632754,7.341663,12.850537,0.0,0.0,-1,28,-1,-1,-1,-1,2
176,7.04,28,car,909.789,500.63052,10.838462,-1.2869103,6.9867644,8.158099,11.316391944885254,-0.2653267648484972,24,-1,-1,-1,-1,-1,2
177,7.08,24,car,920.2739,647.5692,8.355245,-5.015753,7.206595,12.593689,0.0,0.0,-1,28,-1,-1,-1,-1,2
177,7.08,28,car,912.51575,509.42236,10.696815,-1.5709282,7.079387,8.12894,11.377991676330566,0.42777591281467015,24,-1,-1,-1,-1,-1,2
178,7.12,24,car,928.21497,649.9045,8.430078,-5.1263757,7.009552,13.368686,0.0,0.0,-1,28,-1,-1,-1,-1,2
178,7.12,28,car,916.0685,508.96475,10.763487,-1.5926232,6.6946807,8.265037,11.30585765838623,-0.5009306801689996,24,-1,-1,-1,-1,-1,2
179,7.16,24,car,924.7594,651.4637,8.358646,-5.1311765,6.837921,12.319641,0.0,0.0,-1,28,-1,-1,-1,-1,2
179,7.16,28,car,921.24585,514.7523,10.725465,-1.8086694,6.8962054,8.316928,11.308243751525879,0.016570091247558594,24,-1,-1,-1,-1,-1,2
180,7.2,24,truck,921.7052,652.0803,8.307087,-5.1198378,6.7601867,12.495554,0.0,0.0,-1,28,-1,-1,-1,-1,2
180,7.2,28,car,923.254,515.8993,10.73363,-1.8605803,7.0712557,8.465247,11.290952682495117,-0.1200768682691786,24,-1,-1,-1,-1,-1,2
181,7.24,24,truck,923.36646,653.0122,8.316085,-5.1519012,6.635959,12.567215,0.0,0.0,-1,28,-1,-1,-1,-1,2
181,7.24,28,car,926.931,515.90826,10.791907,-1.896431,6.5227647,8.532355,10.9916410446167,-2.078553040822347,24,-1,-1,-1,-1,-1,2
182,7.28,28,car,930.92725,517.56793,10.820795,-1.9816009,6.403169,8.515372,10.819686889648438,-1.1941260761684842,-1,-1,-1,-1,-1,-1,2
183,7.32,24,car,939.80493,656.3237,8.492699,-5.3470902,6.367627,12.861841,0.0,0.0,-1,28,-1,-1,-1,-1,2
183,7.32,28,car,932.8384,521.62286,10.767063,-2.112733,6.567615,8.705566,10.6345796585083,-1.2854668829176161,24,-1,-1,-1,-1,-1,2
184,7.36,24,car,946.2345,657.1417,8.568475,-5.4133115,6.285831,13.117493,0.0,0.0,-1,28,-1,-1,-1,-1,2
184,7.36,28,car,939.5691,523.76996,10.828698,-2.2360404,6.510387,8.340912,10.493412971496582,-0.980324215359158,24,-1,-1,-1,-1,-1,2
185,7.4,24,car,951.6815,659.053,8.613958,-5.493434,6.094705,12.672058,0.0,0.0,-1,28,-1,-1,-1,-1,2
185,7.4,28,car,941.4867,530.8496,10.71394,-2.4462948,6.653867,8.797315,10.405874252319336,-0.607907772064209,24,-1,-1,-1,-1,-1,2
186,7.44,24,car,959.82874,660.97034,8.695839,-5.593969,5.878366,12.945701,0.0,0.0,-1,28,-1,-1,-1,-1,2
186,7.44,28,car,945.0868,533.80066,10.71017,-2.5589745,6.7539415,8.896103,10.285821914672852,-0.8336967892116971,24,-1,-1,-1,-1,-1,2
187,7.48,24,car,960.1018,662.67615,8.673634,-5.6295424,5.7323823,13.048877,0.0,0.0,-1,28,-1,-1,-1,-1,2
187,7.48,28,car,949.1512,540.2103,10.644355,-2.7658348,7.1142244,8.926569,10.153487205505371,-0.9189910358852811,24,-1,-1,-1,-1,-1,2
188,7.52,24,car,961.18243,663.56793,8.67478,-5.655257,5.643207,13.223615,0.0,0.0,-1,28,-1,-1,-1,-1,2
188,7.52,28,car,947.93866,543.90967,10.55236,-2.8509815,7.249387,9.345685,10.182064056396484,0.1984503534105089,24,-1,-1,-1,-1,-1,2
189,7.56,24,car,955.4319,664.0287,8.589786,-5.6202965,5.5971346,12.464358,0.0,0.0,-1,28,-1,-1,-1,-1,2
189,7.56,28,car,957.41223,541.62946,10.74286,-2.8788729,6.8106217,8.97218,9.895675659179688,-1.988808314005534,24,-1,-1,-1,-1,-1,2
190,7.6,24,car,961.0973,667.4524,8.61502,-5.730201,5.2547607,12.214633,0.0,0.0,-1,28,-1,-1,-1,-1,2
190,7.6,28,car,955.2407,547.33276,10.596508,-3.0059388,7.32863,9.561716,9.907347679138184,0.08105569415622287,24,-1,-1,-1,-1,-1,2
191,7.64,24,car,963.9478,668.2754,8.641146,-5.7677774,5.172461,11.825043,0.0,0.0,-1,28,-1,-1,-1,-1,2
191,7.64,28,car,959.2698,551.468,10.57663,-3.1477015,7.32719,9.555228,9.915081024169922,0.05370378494262695,24,-1,-1,-1,-1,-1,2
192,7.68,24,car,969.535,670.86115,8.677544,-5.859811,4.891669,11.9924135,0.0,0.0,-1,28,-1,-1,-1,-1,2
192,7.68,28,car,959.99817,555.95447,10.500383,-3.2670467,7.3955,10.07183,9.98195743560791,0.46441952387491864,24,-1,-1,-1,-1,-1,2
193,7.72,24,car,972.468,671.9872,8.700026,-5.90346,4.756592,11.985227,0.0,0.0,-1,28,-1,-1,-1,-1,2
193,7.72,28,car,948.50586,562.1696,10.208486,-3.3189793,7.501781,11.594812,10.050803184509277,0.4780954784817166,24,35,-1,-1,-1,-1,2
193,7.72,35,car,893.11896,561.1371,9.387897,-2.7951312,7.436827,16.96352,0.0,0.0,28,-1,-1,-1,-1,-1,2
194,7.76,24,car,972.1462,673.74854,8.669304,-5.934577,4.6251435,12.259662,0.0,0.0,-1,28,-1,-1,-1,-1,2
194,7.76,28,car,976.64734,563.91925,10.596294,-3.611411,7.446686,9.264954,10.106695175170898,0.3881388240390354,24,-1,-1,-1,-1,-1,2
195,7.8,24,car,978.90967,674.5769,8.747406,-6.0010567,4.5324187,12.111487,3.984532117843628,27.67036192946964,-1,28,-1,-1,-1,-1,2
195,7.8,28,car,984.1741,562.60376,10.733786,-3.6458635,7.158284,8.971799,9.963970184326172,-0.9911457697550456,24,-1,-1,-1,-1,-1,2
197,7.88,28,car,992.9834,571.4645,10.693383,-3.9351032,7.4034286,8.792834,0.0,-69.19423739115398,-1,-1,-1,-1,-1,-1,2
198,7.92,24,car,990.8844,680.27673,8.821321,-6.1971245,3.9641511,11.640976,0.0,-27.67036192946964,-1,28,-1,-1,-1,-1,2
198,7.92,28,car,991.80743,572.1371,10.663226,-3.9407907,7.1315217,9.537665,0.0,0.0,24,-1,-1,-1,-1,-1,2
199,7.96,24,car,993.4756,681.78033,8.833124,-6.244163,3.8104126,11.537269,0.0,0.0,-1,28,-1,-1,-1,-1,2
199,7.96,28,car,989.2061,579.29254,10.489781,-4.086004,7.722722,10.275189,0.0,0.0,24,-1,-1,-1,-1,-1,2
200,8.0,24,car,999.0049,683.5361,8.879895,-6.3173256,3.5945985,11.405771,0.0,0.0,-1,28,-1,-1,-1,-1,2
200,8.0,28,car,995.70557,580.0513,10.570416,-4.1592956,7.5976043,10.1039095,0.0,0.0,24,-1,-1,-1,-1,-1,2
201,8.04,28,car,1009.0962,584.8318,10.675019,-4.382775,7.561055,9.475156,0.0,0.0,-1,-1,-1,-1,-1,-1,2
202,8.08,28,car,1010.058,586.43774,10.658803,-4.4272723,7.5421233,9.693558,0.0,0.0,-1,-1,-1,-1,-1,-1,2
206,8.24,40,truck,420.71725,252.6654,6.433843,19.010197,12.29495,9.128641,0.0,0.0,-1,-1,-1,-1,-1,-1,1
207,8.28,28,car,1023.1684,601.12866,10.574567,-4.86174,8.105166,10.631415,0.0,0.0,-1,-1,-1,-1,-1,-1,2
207,8.28,40,truck,426.67694,264.795,6.291503,17.783424,13.931277,9.711687,0.0,0.0,-1,-1,-1,-1,-1,-1,1
210,8.4,28,car,1052.6919,609.5664,10.835336,-5.2820253,7.579141,9.184753,0.0,0.0,-1,-1,-1,-1,-1,-1,2
211,8.44,28,car,1059.6289,615.4474,10.824421,-5.4596934,7.69198,8.799542,0.0,0.0,-1,-1,-1,-1,-1,-1,2
212,8.48,28,car,1052.8029,627.57544,10.513327,-5.6521854,8.282303,10.320544,0.0,0.0,-1,-1,-1,-1,-1,-1,2
212,8.48,40,truck,427.56842,260.53278,6.4229393,18.14414,13.209505,9.389117,0.0,0.0,-1,-1,-1,-1,-1,-1,1
213,8.52,40,truck,430.70816,262.14636,6.4683366,17.934277,13.418177,9.675559,0.0,0.0,-1,-1,-1,-1,-1,-1,1
214,8.56,28,car,1051.0923,633.202,10.391514,-5.751222,8.422696,11.687052,0.0,0.0,-1,-1,-1,-1,-1,-1,2
214,8.56,40,truck,432.14935,271.2307,6.2813377,17.11236,14.307775,9.791188,0.0,0.0,-1,-1,-1,-1,-1,-1,1
215,8.6,28,car,1072.3579,634.4794,10.658519,-5.9417276,8.157056,9.718149,0.0,0.0,-1,-1,-1,-1,-1,-1,2
216,8.64,28,car,1064.5468,636.56226,10.516129,-5.9220295,8.146982,10.9139805,0.0,0.0,-1,-1,-1,-1,-1,-1,2
217,8.68,28,car,1020.5581,637.5792,9.899184,-5.600137,8.069986,16.059788,0.0,0.0,-1,-1,-1,-1,-1,-1,2
218,8.72,28,car,1079.4498,638.38904,10.685778,-6.07254,7.8787875,10.433948,0.0,0.0,-1,-1,-1,-1,-1,-1,2
218,8.72,40,truck,442.9867,260.85278,6.837732,17.793396,13.239528,11.148503,0.0,0.0,-1,-1,-1,-1,-1,-1,1
219,8.76,28,car,1082.2996,640.23254,10.691883,-6.129968,7.7882113,10.6688385,0.0,0.0,-1,40,-1,-1,-1,-1,2
219,8.76,40,truck,447.63623,256.5415,7.0793476,18.081074,12.732185,11.570106,0.0,0.0,28,-1,-1,-1,-1,-1,2
220,8.8,28,car,1097.2084,642.4249,10.853461,-6.2857494,7.5259614,9.473691,0.0,0.0,-1,40,-1,-1,-1,-1,2
220,8.8,40,truck,445.59814,257.25717,7.004183,18.059607,12.727143,11.288179,0.0,0.0,28,-1,-1,-1,-1,-1,2
221,8.84,28,car,1101.6072,644.52905,10.875228,-6.3589735,7.3991885,9.595435,0.0,0.0,-1,40,-1,-1,-1,-1,2
221,8.84,40,truck,447.16827,255.42072,7.096622,18.192038,12.549071,11.500435,0.0,0.0,28,-1,-1,-1,-1,-1,2
222,8.88,40,truck,446.0522,258.29092,6.9891324,17.95744,12.781405,11.3739395,0.0,0.0,-1,-1,-1,-1,-1,-1,1
224,8.96,28,car,1116.7413,650.2407,10.975944,-6.5796366,6.858148,10.345157,0.0,0.0,-1,40,-1,-1,-1,-1,2
224,8.96,40,truck,447.7927,259.19528,7.0127726,17.840405,13.07154,11.75347,0.0,0.0,28,-1,-1,-1,-1,-1,2
225,9.0,40,truck,449.4793,254.94208,7.1732397,18.186491,12.649629,11.916667,0.0,0.0,-1,-1,-1,-1,-1,-1,2
226,9.04,40,truck,448.5335,257.56296,7.0765924,17.970556,12.8987,11.76975,0.0,0.0,-1,-1,-1,-1,-1,-1,2
227,9.08,40,truck,444.96396,258.21362,6.961336,17.987158,12.996043,11.455375,0.0,0.0,-1,-1,-1,-1,-1,-1,1
228,9.12,40,truck,442.1114,256.19354,6.9365172,18.228973,12.75342,10.930379,0.0,0.0,-1,-1,-1,-1,-1,-1,1
229,9.16,40,truck,443.47278,254.01056,7.032554,18.398455,12.718444,11.302154,0.0,0.0,-1,-1,-1,-1,-1,-1,2
230,9.2,40,truck,441.04987,255.40677,6.9281507,18.322767,12.86159,11.106231,0.0,0.0,-1,-1,-1,-1,-1,-1,1
231,9.24,40,truck,439.53528,267.26624,6.5792046,17.303068,14.151481,10.885432,0.0,0.0,-1,-1,-1,-1,-1,-1,1
232,9.28,40,truck,439.14127,266.99158,6.5754814,17.33489,14.100893,10.875504,0.0,0.0,-1,-1,-1,-1,-1,-1,1
233,9.32,40,truck,441.01974,268.8711,6.578831,17.134583,14.273135,11.025754,0.0,0.0,-1,-1,-1,-1,-1,-1,1
234,9.36,40,truck,440.8104,261.45667,6.7625446,17.785166,13.421396,10.953226,0.0,0.0,-1,-1,-1,-1,-1,-1,1
256,10.24,40,truck,445.64606,250.69762,7.1829033,18.656214,12.333186,11.22906,0.0,0.0,-1,-1,-1,-1,-1,-1,2
257,10.28,40,truck,445.25052,250.73587,7.1708474,18.66117,12.32685,11.247317,0.0,0.0,-1,-1,-1,-1,-1,-1,2
258,10.32,40,truck,443.72803,250.83202,7.125834,18.684975,12.285118,11.127663,0.0,0.0,-1,-1,-1,-1,-1,-1,2
259,10.36,40,truck,439.7962,248.86469,7.0697865,18.952776,12.5494995,10.774932,0.0,0.0,-1,-1,-1,-1,-1,-1,2
260,10.4,40,truck,440.72418,248.77138,7.0983257,18.941408,12.458495,10.887374,0.0,0.0,-1,-1,-1,-1,-1,-1,2
261,10.44,40,truck,440.29572,248.68188,7.088778,18.95906,12.14635,10.835985,0.0,0.0,-1,-1,-1,-1,-1,-1,2
262,10.48,40,truck,440.4975,248.81999,7.0906477,18.941769,12.199404,10.883333,0.0,0.0,-1,-1,-1,-1,-1,-1,2
263,10.52,40,truck,440.82562,248.40361,7.111251,18.973633,12.372075,10.906288,0.0,0.0,-1,-1,-1,-1,-1,-1,2
264,10.56,40,truck,444.06604,251.12462,7.127254,18.650679,12.583043,11.209785,0.0,0.0,-1,-1,-1,-1,-1,-1,2
265,10.6,40,truck,443.22653,254.81859,7.0040307,18.330084,12.939278,11.1607275,0.0,0.0,-1,-1,-1,-1,-1,-1,2
266,10.64,40,truck,440.7822,247.94815,7.1225452,19.017282,12.536124,10.949851,0.0,0.0,-1,-1,-1,-1,-1,-1,2
267,10.68,40,truck,443.1228,251.72678,7.084618,18.615347,12.616648,11.175445,0.0,0.0,-1,-1,-1,-1,-1,-1,2
268,10.72,40,truck,441.69797,247.1982,7.168913,19.067863,12.298415,11.07045,1.9665099382400513,13.656319015555912,-1,-1,-1,-1,-1,-1,2
269,10.76,40,truck,444.06546,244.44574,7.312222,19.27652,12.610416,11.308108,1.6256901025772095,-2.366804599761963,-1,-1,-1,-1,-1,-1,2
270,10.8,40,truck,444.09164,244.07355,7.3234296,19.311363,12.306064,11.3050995,2.0226693153381348,2.7568001747131348,-1,-1,-1,-1,-1,-1,2
271,10.84,40,truck,443.24777,240.32993,7.405713,19.689625,12.717664,11.241935,2.1247243881225586,0.7087157832251655,-1,-1,-1,-1,-1,-1,2
272,10.88,40,truck,445.3539,238.78796,7.509954,19.792494,12.875083,11.43024,2.117828845977783,-0.047885709338718,-1,-1,-1,-1,-1,-1,2
273,10.92,40,truck,447.1957,244.66803,7.3941083,19.186863,11.810902,11.502518,2.3799519538879395,1.8202993604871962,-1,-1,-1,-1,-1,-1,2
274,10.96,40,truck,446.5597,245.00601,7.366684,19.168758,11.7858095,11.449756,2.5316338539123535,1.0533465279473198,-1,-1,-1,-1,-1,-1,2
275,11.0,40,truck,445.6931,243.93529,7.372493,19.289375,11.6418295,11.338991,2.743723154067993,1.4728423621919422,-1,-1,-1,-1,-1,-1,2
276,11.04,40,truck,447.47354,243.71895,7.4288054,19.270893,12.061126,11.613718,2.7009763717651367,-0.2968526548809476,-1,-1,-1,-1,-1,-1,2
277,11.08,40,truck,449.83072,243.62747,7.497802,19.227892,12.060077,11.864817,2.646538496017456,-0.378040803803338,-1,-1,-1,-1,-1,-1,2
278,11.12,40,truck,446.90485,245.10005,7.3737392,19.152315,11.932381,11.569603,2.5886454582214355,-0.40203498469458687,-1,-1,-1,-1,-1,-1,2
279,11.16,40,truck,445.72565,247.30057,7.2790093,18.970726,11.918272,11.442168,2.4636785984039307,-0.8678254153993394,-1,-1,-1,-1,-1,-1,2
280,11.2,40,truck,445.14865,248.49115,7.229818,18.871841,12.081598,11.358401,2.2643775939941406,-1.3840347528457642,-1,-1,-1,-1,-1,-1,2
281,11.24,40,truck,442.72192,248.52545,7.1609993,18.921148,11.957004,11.14861,2.142866849899292,-0.8438246117697822,-1,-1,-1,-1,-1,-1,2
282,11.28,40,truck,442.849,251.03993,7.0956855,18.684626,12.074425,11.147193,1.9111038446426392,-1.6094653142823114,-1,-1,-1,-1,-1,-1,2
283,11.32,40,truck,441.8861,252.40674,7.0318155,18.579212,12.227569,11.0238905,1.6842033863067627,-1.5756976273324754,-1,-1,-1,-1,-1,-1,2
284,11.36,40,truck,442.34253,253.08588,7.026152,18.507097,12.202169,10.923293,1.5185303688049316,-1.1505070924758911,-1,-1,-1,-1,-1,-1,2
285,11.4,40,truck,442.9898,253.0634,7.044714,18.495348,12.180491,10.9982605,1.467206358909607,-0.3564167618751526,-1,-1,-1,-1,-1,-1,2
286,11.44,40,truck,443.22598,252.67645,7.061729,18.525795,12.176929,11.0189,1.3924823999404907,-0.5189164280891418,-1,-1,-1,-1,-1,-1,2
287,11.48,40,truck,441.781,250.70557,7.075033,18.73853,12.272378,11.081691,1.250503420829773,-0.9859652519226074,-1,-1,-1,-1,-1,-1,2
288,11.52,40,truck,441.4356,251.36044,7.0476136,18.68534,12.151328,11.027099,1.2156347036361694,-0.24214386940002441,-1,-1,-1,-1,-1,-1,2
289,11.56,40,truck,441.93198,251.60593,7.0547733,18.652018,12.223265,11.098355,1.3518937826156616,0.9462436437606812,-1,-1,-1,-1,-1,-1,2
290,11.6,40,truck,444.12894,251.03464,7.1314607,18.657639,12.27268,11.314023,1.221893548965454,-0.9027794003486633,-1,-1,-1,-1,-1,-1,2
291,11.64,40,truck,443.6535,249.74474,7.15352,18.787374,12.043742,11.250592,1.2785594463348389,0.3935131761762831,-1,-1,-1,-1,-1,-1,2
292,11.68,40,truck,443.4808,250.08328,7.139422,18.759657,12.015779,11.228006,1.1334625482559204,-1.0076173477702672,-1,-1,-1,-1,-1,-1,2
293,11.72,40,truck,444.97122,250.06253,7.181544,18.7295,11.951505,11.175473,1.0108208656311035,-0.8516783515612285,-1,-1,-1,-1,-1,-1,2
294,11.76,40,truck,446.74954,246.85788,7.3200436,18.99003,11.891098,11.504605,0.9216722846031189,-0.6190873682498932,-1,-1,-1,-1,-1,-1,2
295,11.8,40,truck,444.9535,248.94722,7.211761,18.83353,11.837993,11.381304,0.8213505744934082,-0.6966785424285465,-1,-1,-1,-1,-1,-1,2
296,11.84,40,truck,443.78754,248.91779,7.1799965,18.861464,11.728385,11.039594,0.7622992992401123,-0.4100783003701104,-1,-1,-1,-1,-1,-1,2
297,11.88,40,truck,444.3918,248.41847,7.2106667,18.895,11.647377,11.098264,0.7237610220909119,-0.2676269246472253,-1,-1,-1,-1,-1,-1,2
298,11.92,40,truck,444.5953,248.77551,7.206494,18.857275,11.676355,11.105087,0.7033481001853943,-0.14175640212164983,-1,-1,-1,-1,-1,-1,2
299,11.96,40,truck,444.2225,248.5455,7.202423,18.886799,11.706729,11.067893,0.7613314986228943,0.4026624891493056,-1,-1,-1,-1,-1,-1,2
300,12.0,40,truck,443.2647,249.00482,7.162988,18.864647,11.835373,11.209633,0.7499145865440369,-0.0792841116587321,-1,-1,-1,-1,-1,-1,2
301,12.04,40,truck,441.0921,252.53468,7.006297,18.584427,12.086021,11.090172,0.9061962962150574,1.0852896504931981,-1,-1,-1,-1,-1,-1,2
302,12.08,40,truck,441.5145,251.2052,7.0540237,18.698,12.223801,11.166013,1.0358027219772339,0.900044623348448,-1,-1,-1,-1,-1,-1,2
303,12.12,40,truck,442.20804,252.92355,7.026799,18.524855,12.071876,11.192154,1.0968306064605713,0.42380475335650974,-1,-1,-1,-1,-1,-1,2
304,12.16,40,truck,442.32837,252.62035,7.0383277,18.550123,12.0270405,11.211731,1.0505937337875366,-0.32108941674232483,-1,-1,-1,-1,-1,-1,2
305,12.2,40,truck,441.75482,252.55049,7.024285,18.568802,12.035906,11.155611,1.0476285219192505,-0.020591750741004944,-1,-1,-1,-1,-1,-1,2
306,12.24,40,truck,441.87878,252.43976,7.0307198,18.576332,12.028392,11.1668825,0.9355822801589966,-0.7780989011128744,-1,-1,-1,-1,-1,-1,2
307,12.28,40,truck,441.42316,250.8961,7.059875,18.72857,11.889849,11.15171,0.954327404499054,0.13017447458373174,-1,-1,-1,-1,-1,-1,2
308,12.32,40,truck,442.2357,250.61945,7.090055,18.73673,11.827996,11.224454,1.0070301294326782,0.36599117517471313,-1,-1,-1,-1,-1,-1,2
309,12.36,40,truck,442.24805,250.46857,7.0945134,18.75045,11.8407345,11.201693,1.0493823289871216,0.29411250352859497,-1,-1,-1,-1,-1,-1,2
310,12.4,40,truck,442.31873,250.01065,7.1089883,18.791435,11.816221,11.211333,1.0952943563461304,0.31883352332644993,-1,-1,-1,-1,-1,-1,2
311,12.44,40,truck,442.2883,250.63445,7.0911126,18.73421,11.890282,11.193839,1.0609650611877441,-0.23839788304434884,-1,-1,-1,-1,-1,-1,2
312,12.48,40,truck,441.7719,250.43039,7.082275,18.76424,11.877664,11.183391,1.0254390239715576,-0.2467085917790731,-1,-1,-1,-1,-1,-1,2
313,12.52,40,truck,441.9301,250.34424,7.089037,18.76883,11.832813,11.196337,1.0388758182525635,0.09331107139587402,-1,-1,-1,-1,-1,-1,2
314,12.56,40,truck,441.78336,252.72617,7.020335,18.552048,12.112155,11.160446,0.9315382242202759,-0.7454000115394592,-1,-1,-1,-1,-1,-1,2
315,12.6,40,truck,442.09357,252.06358,7.046865,18.606358,12.068117,11.173021,0.8789400458335876,-0.3652651607990265,-1,-1,-1,-1,-1,-1,2
316,12.64,40,truck,444.4662,253.29193,7.079461,18.442955,12.177755,11.106971,0.9055383205413818,0.18471024930477142,-1,-1,-1,-1,-1,-1,2
317,12.68,40,truck,444.7475,252.86417,7.098847,18.476112,12.120306,11.132405,0.914053738117218,0.059134844690561295,-1,-1,-1,-1,-1,-1,2
318,12.72,40,truck,444.38544,252.46848,7.0995436,18.52012,12.09575,11.105514,1.0074299573898315,0.6484460234642029,-1,-1,-1,-1,-1,-1,2
319,12.76,40,truck,444.7911,252.41568,7.1122346,18.516302,12.1089,11.137924,1.0519778728485107,0.3093605240186056,-1,-1,-1,-1,-1,-1,2
320,12.8,40,truck,445.55548,252.2361,7.1383295,18.516459,12.107988,11.207178,1.1268280744552612,0.5197930667135451,-1,-1,-1,-1,-1,-1,2
321,12.84,40,truck,446.29984,252.07938,7.163255,18.514944,12.093988,11.2721405,1.2222195863723755,0.662441074848175,-1,-1,-1,-1,-1,-1,2
322,12.88,40,truck,446.04865,251.56729,7.170275,18.567385,12.056708,11.249254,1.258672833442688,0.25314757227897644,-1,-1,-1,-1,-1,-1,2
323,12.92,40,truck,446.161,251.34402,7.179507,18.585535,12.057547,11.256923,1.284622073173523,0.18020306527614594,-1,-1,-1,-1,-1,-1,2
324,12.96,40,truck,446.6277,251.31967,7.193139,18.577785,12.054053,11.300765,1.2644951343536377,-0.13977041840553284,-1,-1,-1,-1,-1,-1,2
325,13.0,40,truck,446.37982,251.54471,7.180091,18.562376,12.093778,11.282686,1.1630864143371582,-0.7042272686958313,-1,-1,-1,-1,-1,-1,2
326,13.04,40,truck,446.3512,251.17422,7.1894436,18.597107,12.040275,11.277529,1.0785835981369019,-0.5868251125017803,49,-1,-1,-1,-1,-1,2
326,13.04,49,truck,861.0902,577.81824,8.609612,-2.930451,14.218175,18.962976,0.0,0.0,-1,40,-1,-1,-1,-1,2
327,13.08,40,truck,446.2716,251.13385,7.1883383,18.602533,12.068304,11.279082,0.9982175827026367,-0.5580973294046191,49,-1,-1,-1,-1,-1,2
327,13.08,49,truck,870.6222,575.87036,8.787009,-2.9665055,14.412961,19.711308,0.0,0.0,-1,40,-1,-1,-1,-1,2
328,13.12,40,truck,446.16852,251.14735,7.1851025,18.603498,12.054665,11.26979,0.917698085308075,-0.5591631763511234,49,-1,-1,-1,-1,-1,2
328,13.12,49,truck,888.3341,577.98254,9.018019,-3.1761923,14.201749,20.95293,0.0,0.0,-1,40,-1,-1,-1,-1,2
329,13.16,40,truck,446.05627,251.39717,7.175142,18.582884,12.090068,11.25636,0.8496741652488708,-0.4723883337444729,49,-1,-1,-1,-1,-1,2
329,13.16,49,truck,890.4332,579.17773,9.028936,-3.224168,14.082225,20.750137,0.0,0.0,-1,40,-1,-1,-1,-1,2
330,13.2,40,truck,446.00275,251.8111,7.162337,18.545942,12.096061,11.245338,0.791342556476593,-0.4050806164741516,-1,-1,-1,-1,-1,-1,2
331,13.24,40,truck,446.05865,251.50653,7.1722155,18.572763,12.063587,11.25461,0.7901187539100647,-0.008498629555106163,-1,-1,-1,-1,-1,-1,2
332,13.28,40,truck,445.82568,251.49257,7.1661253,18.579037,12.075637,11.232355,0.8051167130470276,0.10415249400668675,49,-1,-1,-1,-1,-1,2
332,13.28,49,truck,898.9973,583.4885,9.082812,-3.4045281,13.651145,21.26742,0.0,0.0,-1,40,-1,-1,-1,-1,2
333,13.32,40,truck,445.51654,251.38882,7.1603723,18.595213,12.072679,11.20254,0.8126111030578613,0.05204437507523431,-1,-1,-1,-1,-1,-1,2
334,13.36,40,truck,445.75998,252.40802,7.139319,18.496317,12.172409,11.232022,0.8951108455657959,0.5729148785273235,49,-1,-1,-1,-1,-1,2
334,13.36,49,truck,904.1765,587.74243,9.086843,-3.551969,13.22576,20.712437,0.0,0.0,-1,40,-1,-1,-1,-1,2
335,13.4,40,truck,445.61026,252.90355,7.12169,18.45411,12.228801,11.219668,0.9566946029663086,0.42766498194800484,-1,-1,-1,-1,-1,-1,2
336,13.44,40,truck,445.98413,252.42603,7.145045,18.489882,12.143002,11.259076,0.9893167614936829,0.2265427675512102,49,-1,-1,-1,-1,-1,2
336,13.44,49,truck,926.3063,591.80646,9.343367,-3.838697,12.819354,24.654554,0.0,0.0,-1,40,-1,-1,-1,-1,2
337,13.48,40,truck,445.57922,252.89151,7.121157,18.455873,12.188094,11.215935,1.0535128116607666,0.44580590393808156,49,-1,-1,-1,-1,-1,2
337,13.48,49,truck,918.69116,591.7009,9.233314,-3.770958,12.82991,22.269129,0.0,0.0,-1,40,-1,-1,-1,-1,2
338,13.52,40,truck,445.43115,253.16312,7.1096816,18.434181,12.221786,11.20813,0.9877039194107056,-0.45700619618097943,-1,-1,-1,-1,-1,-1,2
339,13.56,40,truck,444.87457,252.98065,7.09921,18.462734,12.218696,11.150215,0.944351851940155,-0.30105602741241455,-1,-1,-1,-1,-1,-1,2
340,13.6,40,truck,444.64154,252.689,7.1006618,18.494425,12.202131,11.129206,0.8296595215797424,-0.7964745163917542,-1,-1,-1,-1,-1,-1,2
341,13.64,40,truck,444.38715,252.46643,7.0996466,18.520273,12.195935,11.133136,0.7301739454269409,-0.690872073173523,-1,-1,-1,-1,-1,-1,2
342,13.68,40,truck,444.70526,252.34569,7.111755,18.52456,12.181548,11.164238,0.6564763188362122,-0.511789083480835,-1,-1,-1,-1,-1,-1,2
343,13.72,40,truck,444.8998,253.73233,7.0795565,18.393496,12.31354,11.168777,0.6656882762908936,0.06397192925214767,-1,-1,-1,-1,-1,-1,2
344,13.76,40,truck,445.04822,253.46838,7.0908046,18.414436,12.332984,11.187096,0.6748971939086914,0.06395082175731659,-1,-1,-1,-1,-1,-1,2
345,13.8,40,truck,444.9164,253.10944,7.0968776,18.450056,12.353031,11.181808,0.6847575902938843,0.06847497820854187,-1,-1,-1,-1,-1,-1,2
346,13.84,40,truck,445.3648,253.92007,7.0873456,18.36649,12.444888,11.208063,0.7686372995376587,0.5824979808595446,-1,50,-1,-1,-1,-1,2
346,13.84,50,truck,390.48352,118.77649,10.161089,37.771854,6.316783,10.31811,0.0,0.0,40,-1,-1,-1,-1,-1,2
347,13.88,40,truck,445.29163,254.67844,7.064855,18.299034,12.556237,11.226832,0.8992279767990112,0.9068797032038372,-1,50,-1,-1,-1,-1,2
347,13.88,50,truck,406.61578,124.42995,10.503848,36.124134,6.8341556,11.927999,0.0,0.0,40,-1,-1,-1,-1,-1,2
348,13.92,40,truck,445.1137,254.82639,7.0559573,18.289368,12.518262,11.230992,1.0058766603469849,0.7406158579720392,-1,-1,-1,-1,-1,-1,2
349,13.96,40,truck,445.03146,255.39677,7.038355,18.239376,12.599223,11.227756,1.1194788217544556,0.7889039516448975,-1,-1,-1,-1,-1,-1,2
350,14.0,40,truck,445.67148,255.96306,7.0408034,18.17463,12.719295,11.264304,1.294977068901062,1.2187378406524658,-1,-1,-1,-1,-1,-1,2
351,14.04,40,truck,443.84393,249.92538,7.1538777,18.766493,12.2757845,11.172467,1.1579031944274902,-0.9519019060664707,49,-1,-1,-1,-1,-1,2
351,14.04,49,truck,963.9329,610.8687,9.560351,-4.5863633,10.812508,21.796295,0.0,0.0,-1,40,-1,-1,-1,-1,2
352,14.08,40,truck,443.8202,249.81316,7.156294,18.777426,12.27242,11.163342,1.0378741025924683,-0.8335353599654304,-1,-1,-1,-1,-1,-1,2
353,14.12,40,truck,443.51648,248.78778,7.1760006,18.879452,12.168443,11.142468,0.9708711504936218,-0.46529829502105713,-1,-1,-1,-1,-1,-1,2
354,14.16,40,truck,443.43854,249.06021,7.1663227,18.855726,12.231946,11.164635,0.9019626975059509,-0.4785309433937073,-1,-1,-1,-1,-1,-1,2
355,14.2,40,truck,443.03906,248.5249,7.169889,18.914333,12.182345,11.115473,0.8565914034843445,-0.3150784373283386,-1,-1,-1,-1,-1,-1,2
356,14.24,40,truck,442.8603,248.3876,7.168669,18.931042,12.17711,11.118365,0.8241764903068542,-0.22510357201099396,-1,-1,-1,-1,-1,-1,2
357,14.28,40,truck,442.52997,249.06802,7.1407123,18.874632,12.249506,11.106421,0.7615153789520264,-0.43514662981033325,-1,-1,-1,-1,-1,-1,2
358,14.32,40,truck,442.4106,246.89453,7.1973243,19.080944,12.041138,11.083176,0.8748371601104736,0.7869568467140198,-1,-1,-1,-1,-1,-1,2
359,14.36,40,truck,442.26178,245.61395,7.2287235,19.205145,11.8987465,11.07254,1.0811384916305542,1.4326481819152832,-1,-1,-1,-1,-1,-1,2
360,14.4,40,truck,442.24054,246.42096,7.205682,19.129301,11.9747095,11.067078,1.1797114610671997,0.6845345497131348,-1,-1,-1,-1,-1,-1,2
361,14.44,40,truck,442.30273,246.8297,7.1960917,19.0894,12.013768,11.075055,1.2650939226150513,0.5929337739944458,-1,-1,-1,-1,-1,-1,2
362,14.48,40,truck,442.25064,246.03009,7.2168264,19.166006,11.903639,11.043845,1.4108214378356934,1.0119967460632324,-1,-1,-1,-1,-1,-1,2
363,14.52,40,truck,442.01013,247.96942,7.156383,18.988636,12.104785,11.068006,1.4156583547592163,0.03358970209956169,-1,-1,-1,-1,-1,-1,2
364,14.56,40,truck,445.49182,251.23206,7.163973,18.610191,12.188064,11.321752,1.272542953491211,-0.9938569664955139,-1,-1,-1,-1,-1,-1,2
365,14.6,40,truck,445.25922,251.41946,7.1523833,18.597902,12.214026,11.331624,1.1286494731903076,-0.9992603063583374,-1,-1,-1,-1,-1,-1,2
366,14.64,40,truck,443.56512,249.84839,7.148211,18.77965,12.034849,11.2696,1.0987364053726196,-0.20772963762283325,-1,-1,-1,-1,-1,-1,2
367,14.68,40,truck,445.3759,250.95105,7.168441,18.638603,12.158607,11.324149,1.0751419067382812,-0.16385069489479065,-1,-1,-1,-1,-1,-1,2
368,14.72,40,truck,445.29974,251.23996,7.1584167,18.613579,12.203335,11.339843,1.032453179359436,-0.2964495122432709,-1,-1,-1,-1,-1,-1,2
369,14.76,40,truck,445.09875,250.3058,7.178417,18.704216,12.1049185,11.339503,1.0460522174835205,0.09443777054548264,-1,-1,-1,-1,-1,-1,2
370,14.8,40,truck,444.97986,250.12823,7.17998,18.723223,12.071838,11.327974,1.1232881546020508,0.5363606810569763,-1,-1,-1,-1,-1,-1,2
371,14.84,40,truck,445.38168,250.22794,7.1884365,18.705343,12.087647,11.366385,1.2333226203918457,0.7641282677650452,-1,-1,-1,-1,-1,-1,2
372,14.88,40,truck,445.35986,250.4162,7.182659,18.688383,12.068034,11.346865,1.3220500946044922,0.6161630749702454,-1,-1,-1,-1,-1,-1,2
373,14.92,40,truck,445.62527,250.09238,7.1989484,18.712662,12.055949,11.372073,1.448957920074463,0.8813043832778931,-1,-1,-1,-1,-1,-1,2
374,14.96,40,truck,445.5956,249.71292,7.2085657,18.748486,12.044925,11.366397,1.6245522499084473,1.219405174255371,-1,-1,-1,-1,-1,-1,2
375,15.0,40,truck,445.7128,248.65512,7.241045,18.844349,11.935569,11.33862,1.53982675075531,-0.5883715748786926,-1,-1,-1,-1,-1,-1,2
376,15.04,40,truck,445.80978,248.689,7.2428164,18.839096,11.940467,11.337155,1.459623098373413,-0.5569698214530945,-1,-1,-1,-1,-1,-1,2
377,15.08,40,truck,445.56384,248.96652,7.2282724,18.818554,11.969871,11.328168,1.3181627988815308,-0.982363224029541,-1,-1,-1,-1,-1,-1,2
378,15.12,40,truck,443.9214,247.50175,7.2228713,18.99102,11.801079,11.321715,1.3128851652145386,-0.036650233798556864,49,-1,-1,-1,-1,-1,2
378,15.12,49,truck,1075.0131,626.07043,10.844105,-5.79636,9.336844,20.484543,0.0,0.0,-1,40,-1,-1,-1,-1,2
379,15.16,40,truck,443.90497,247.47849,7.223056,18.993559,11.826033,11.298265,1.270823359489441,-0.2920958730909559,-1,-1,-1,-1,-1,-1,2
380,15.2,40,truck,443.70428,247.44563,7.2183423,19.001,11.838368,11.27607,1.2262846231460571,-0.30929678678512573,-1,-1,-1,-1,-1,-1,2
381,15.24,40,truck,443.7591,246.44635,7.247639,19.093807,11.776034,11.287249,1.274267554283142,0.33321481943130493,-1,-1,-1,-1,-1,-1,2
382,15.28,40,truck,443.80847,246.89519,7.236541,19.050463,11.842302,11.278422,1.161681056022644,-0.7818506956100464,-1,-1,-1,-1,-1,-1,2
383,15.32,40,truck,443.0523,246.67046,7.221559,19.088081,11.826469,11.218172,1.0249072313308716,-0.9498182535171509,-1,-1,-1,-1,-1,-1,2
384,15.36,40,truck,444.53738,248.38632,7.2156267,18.894854,11.990341,11.251139,0.966331958770752,-0.4067727327346802,-1,-1,-1,-1,-1,-1,2
385,15.4,40,truck,443.8996,249.59995,7.164363,18.795528,12.094099,11.2046,0.9506857991218567,-0.10865388810634613,-1,-1,-1,-1,-1,-1,2
386,15.44,40,truck,443.2779,249.9704,7.1368537,18.774506,12.13988,11.237129,1.0130115747451782,0.43281790614128113,-1,-1,-1,-1,-1,-1,2
387,15.48,40,truck,442.98883,250.61917,7.1110544,18.720558,12.193839,11.123145,0.9860115647315979,-0.18750007450580597,-1,-1,-1,-1,-1,-1,2
388,15.52,40,truck,442.35663,250.36153,7.100462,18.758041,12.144884,11.071607,0.9188457727432251,-0.46642911434173584,-1,-1,-1,-1,-1,-1,2
389,15.56,40,truck,442.36023,249.43399,7.1259294,18.844185,12.156791,11.175605,0.8895564675331116,-0.2033979594707489,-1,-1,-1,-1,-1,-1,2
390,15.6,40,truck,441.96002,250.901,7.074704,18.716578,12.232334,11.136568,0.8553035855293274,-0.23786723613739014,-1,-1,-1,-1,-1,-1,2
391,15.64,40,truck,442.52197,249.9112,7.1173806,18.796295,12.1067505,11.21449,0.8086094856262207,-0.3242645859718323,-1,-1,-1,-1,-1,-1,2
392,15.68,40,truck,442.87262,248.47464,7.166616,18.922636,12.002292,11.264461,0.8519831299781799,0.3012058734893799,-1,-1,-1,-1,-1,-1,2
393,15.72,40,truck,442.3593,249.63058,7.1205187,18.825901,12.101285,11.210826,0.7857195138931274,-0.46016401052474976,-1,-1,-1,-1,-1,-1,2
394,15.76,40,truck,442.90552,248.88625,7.1562076,18.883474,11.988643,11.251582,0.7549087405204773,-0.21396371722221375,-1,-1,-1,-1,-1,-1,2
395,15.8,40,truck,442.87875,249.17207,7.1476045,18.857393,12.064101,11.2777195,0.7117096781730652,-0.29999351501464844,-1,-1,-1,-1,-1,-1,2
396,15.84,40,truck,442.49103,251.50705,7.0730143,18.649155,12.382937,11.273706,0.7332483530044556,0.1495741456747055,-1,-1,-1,-1,-1,-1,2
397,15.88,40,truck,442.53955,249.57994,7.12694,18.826725,12.243285,11.250537,0.6832574009895325,-0.34715941548347473,-1,-1,-1,-1,-1,-1,2
398,15.92,40,truck,443.24377,248.30435,7.181698,18.930523,12.03804,11.302472,0.6527803540229797,-0.211646169424057,-1,-1,-1,-1,-1,-1,2
399,15.96,40,truck,444.3003,248.98235,7.1925454,18.844368,12.141871,11.426783,0.6326830983161926,-0.13956429064273834,-1,-1,-1,-1,-1,-1,2
400,16.0,40,truck,446.0412,248.5706,7.2525597,18.845133,12.158095,11.590802,0.6097980737686157,-0.15892378985881805,-1,-1,-1,-1,-1,-1,2
401,16.04,40,truck,443.48236,245.58035,7.264011,19.181648,11.784392,11.311622,0.6930711269378662,0.5782850980758667,-1,-1,-1,-1,-1,-1,2
402,16.08,40,truck,443.98395,245.5097,7.2800965,19.177374,11.80955,11.370836,0.6575808525085449,-0.24646024405956268,-1,-1,-1,-1,-1,-1,2
403,16.12,40,truck,444.18976,245.46602,7.2871084,19.177011,11.888829,11.395905,0.6105871200561523,-0.32634538412094116,-1,-1,-1,-1,-1,-1,2
404,16.16,40,truck,443.97363,245.49182,7.2803063,19.179293,11.828474,11.377985,0.5894554853439331,-0.14674746990203857,-1,-1,-1,-1,-1,-1,2
405,16.2,40,truck,444.63586,245.19878,7.307146,19.192564,11.91494,11.413988,0.525145411491394,-0.44659775495529175,-1,-1,-1,-1,-1,-1,2
406,16.24,40,truck,445.44824,245.09616,7.3328843,19.18452,11.964218,11.503151,0.47889989614486694,-0.32114943861961365,-1,-1,-1,-1,-1,-1,2
